Engine x,Engine y,Channel width,Rib width,Channel height,Chamber wall thickness,Channel area
-0.2,0.056,0.002,0.006796459430051421,0.002,0.001,4e-06
-0.1997480604,0.056,0.002,0.006796459430051421,0.002,0.001,4e-06
-0.1994961207,0.056,0.002,0.006796459430051421,0.002,0.001,4e-06
-0.1992441811,0.056,0.002,0.006796459430051421,0.002,0.001,4e-06
-0.19899224140000002,0.056,0.002,0.006796459430051421,0.002,0.001,4e-06
-0.1987403018,0.056,0.002,0.006796459430051421,0.002,0.001,4e-06
-0.19848836209999998,0.056,0.002,0.006796459430051421,0.002,0.001,4e-06
-0.1982364225,0.056,0.002,0.006796459430051421,0.002,0.001,4e-06
-0.1979844828,0.056,0.002,0.006796459430051421,0.002,0.001,4e-06
-0.1977325432,0.056,0.002,0.006796459430051421,0.002,0.001,4e-06
-0.1974806036,0.056,0.002,0.006796459430051421,0.002,0.001,4e-06
-0.1972286639,0.056,0.002,0.006796459430051421,0.002,0.001,4e-06
-0.1969767243,0.056,0.002,0.006796459430051421,0.002,0.001,4e-06
-0.19672478459999998,0.056,0.002,0.006796459430051421,0.002,0.001,4e-06
-0.196472845,0.056,0.002,0.006796459430051421,0.002,0.001,4e-06
-0.1962209053,0.056,0.002,0.006796459430051421,0.002,0.001,4e-06
-0.19596896570000003,0.056,0.002,0.006796459430051421,0.002,0.001,4e-06
-0.1957170261,0.056,0.002,0.006796459430051421,0.002,0.001,4e-06
-0.1954650864,0.056,0.002,0.006796459430051421,0.002,0.001,4e-06
-0.19521314680000001,0.056,0.002,0.006796459430051421,0.002,0.001,4e-06
-0.1949612071,0.056,0.002,0.006796459430051421,0.002,0.001,4e-06
-0.1947092675,0.056,0.002,0.006796459430051421,0.002,0.001,4e-06
-0.1944573278,0.056,0.002,0.006796459430051421,0.002,0.001,4e-06
-0.1942053882,0.056,0.002,0.006796459430051421,0.002,0.001,4e-06
-0.19395344850000001,0.056,0.002,0.006796459430051421,0.002,0.001,4e-06
-0.19370150889999999,0.056,0.002,0.006796459430051421,0.002,0.001,4e-06
-0.1934495693,0.056,0.002,0.006796459430051421,0.002,0.001,4e-06
-0.1931976296,0.056,0.002,0.006796459430051421,0.002,0.001,4e-06
-0.19294569,0.056,0.002,0.006796459430051421,0.002,0.001,4e-06
-0.1926937503,0.056,0.002,0.006796459430051421,0.002,0.001,4e-06
-0.1924418107,0.056,0.002,0.006796459430051421,0.002,0.001,4e-06
-0.192189871,0.056,0.002,0.006796459430051421,0.002,0.001,4e-06
-0.19193793139999998,0.056,0.002,0.006796459430051421,0.002,0.001,4e-06
-0.19168599169999997,0.056,0.002,0.006796459430051421,0.002,0.001,4e-06
-0.1914340521,0.056,0.002,0.006796459430051421,0.002,0.001,4e-06
-0.1911821125,0.056,0.002,0.006796459430051421,0.002,0.001,4e-06
-0.19093017280000002,0.056,0.002,0.006796459430051421,0.002,0.001,4e-06
-0.1906782332,0.056,0.002,0.006796459430051421,0.002,0.001,4e-06
-0.1904262935,0.056,0.002,0.006796459430051421,0.002,0.001,4e-06
-0.1901743539,0.056,0.002,0.006796459430051421,0.002,0.001,4e-06
-0.1899224142,0.056,0.002,0.006796459430051421,0.002,0.001,4e-06
-0.1896704746,0.056,0.002,0.006796459430051421,0.002,0.001,4e-06
-0.189418535,0.056,0.002,0.006796459430051421,0.002,0.001,4e-06
-0.18916659530000002,0.056,0.002,0.006796459430051421,0.002,0.001,4e-06
-0.1889146557,0.056,0.002,0.006796459430051421,0.002,0.001,4e-06
-0.18866271599999998,0.056,0.002,0.006796459430051421,0.002,0.001,4e-06
-0.1884107764,0.056,0.002,0.006796459430051421,0.002,0.001,4e-06
-0.1881588367,0.056,0.002,0.006796459430051421,0.002,0.001,4e-06
-0.1879068971,0.056,0.002,0.006796459430051421,0.002,0.001,4e-06
-0.1876549574,0.056,0.002,0.006796459430051421,0.002,0.001,4e-06
-0.1874030178,0.056,0.002,0.006796459430051421,0.002,0.001,4e-06
-0.1871510782,0.056,0.002,0.006796459430051421,0.002,0.001,4e-06
-0.1868991385,0.056,0.002,0.006796459430051421,0.002,0.001,4e-06
-0.1866471989,0.056,0.002,0.006796459430051421,0.002,0.001,4e-06
-0.1863952592,0.056,0.002,0.006796459430051421,0.002,0.001,4e-06
-0.18614331960000002,0.056,0.002,0.006796459430051421,0.002,0.001,4e-06
-0.18589137990000001,0.056,0.002,0.006796459430051421,0.002,0.001,4e-06
-0.18563944029999999,0.056,0.002,0.006796459430051421,0.002,0.001,4e-06
-0.1853875007,0.056,0.002,0.006796459430051421,0.002,0.001,4e-06
-0.185135561,0.056,0.002,0.006796459430051421,0.002,0.001,4e-06
-0.1848836214,0.056,0.002,0.006796459430051421,0.002,0.001,4e-06
-0.1846316817,0.056,0.002,0.006796459430051421,0.002,0.001,4e-06
-0.1843797421,0.056,0.002,0.006796459430051421,0.002,0.001,4e-06
-0.1841278024,0.056,0.002,0.006796459430051421,0.002,0.001,4e-06
-0.18387586279999998,0.056,0.002,0.006796459430051421,0.002,0.001,4e-06
-0.1836239231,0.056,0.002,0.006796459430051421,0.002,0.001,4e-06
-0.1833719835,0.056,0.002,0.006796459430051421,0.002,0.001,4e-06
-0.1831200439,0.056,0.002,0.006796459430051421,0.002,0.001,4e-06
-0.1828681042,0.056,0.002,0.006796459430051421,0.002,0.001,4e-06
-0.1826161646,0.056,0.002,0.006796459430051421,0.002,0.001,4e-06
-0.1823642249,0.056,0.002,0.006796459430051421,0.002,0.001,4e-06
-0.1821122853,0.056,0.002,0.006796459430051421,0.002,0.001,4e-06
-0.1818603456,0.056,0.002,0.006796459430051421,0.002,0.001,4e-06
-0.181608406,0.056,0.002,0.006796459430051421,0.002,0.001,4e-06
-0.1813564663,0.056,0.002,0.006796459430051421,0.002,0.001,4e-06
-0.18110452670000002,0.056,0.002,0.006796459430051421,0.002,0.001,4e-06
-0.1808525871,0.056,0.002,0.006796459430051421,0.002,0.001,4e-06
-0.1806006474,0.056,0.002,0.006796459430051421,0.002,0.001,4e-06
-0.1803487078,0.056,0.002,0.006796459430051421,0.002,0.001,4e-06
-0.1800967681,0.056,0.002,0.006796459430051421,0.002,0.001,4e-06
-0.1798448285,0.056,0.002,0.006796459430051421,0.002,0.001,4e-06
-0.1795928888,0.056,0.002,0.006796459430051421,0.002,0.001,4e-06
-0.17934094920000002,0.056,0.002,0.006796459430051421,0.002,0.001,4e-06
-0.1790890096,0.056,0.002,0.006796459430051421,0.002,0.001,4e-06
-0.17883706989999998,0.056,0.002,0.006796459430051421,0.002,0.001,4e-06
-0.1785851303,0.056,0.002,0.006796459430051421,0.002,0.001,4e-06
-0.1783331906,0.056,0.002,0.006796459430051421,0.002,0.001,4e-06
-0.178081251,0.056,0.002,0.006796459430051421,0.002,0.001,4e-06
-0.1778293113,0.056,0.002,0.006796459430051421,0.002,0.001,4e-06
-0.1775773717,0.056,0.002,0.006796459430051421,0.002,0.001,4e-06
-0.177325432,0.056,0.002,0.006796459430051421,0.002,0.001,4e-06
-0.1770734924,0.056,0.002,0.006796459430051421,0.002,0.001,4e-06
-0.1768215528,0.056,0.002,0.006796459430051421,0.002,0.001,4e-06
-0.1765696131,0.056,0.002,0.006796459430051421,0.002,0.001,4e-06
-0.17631767350000002,0.056,0.002,0.006796459430051421,0.002,0.001,4e-06
-0.1760657338,0.056,0.002,0.006796459430051421,0.002,0.001,4e-06
-0.17581379419999998,0.056,0.002,0.006796459430051421,0.002,0.001,4e-06
-0.1755618545,0.056,0.002,0.006796459430051421,0.002,0.001,4e-06
-0.1753099149,0.056,0.002,0.006796459430051421,0.002,0.001,4e-06
-0.1750579752,0.056,0.002,0.006796459430051421,0.002,0.001,4e-06
-0.1748060356,0.056,0.002,0.006796459430051421,0.002,0.001,4e-06
-0.174554096,0.056,0.002,0.006796459430051421,0.002,0.001,4e-06
-0.1743021563,0.056,0.002,0.006796459430051421,0.002,0.001,4e-06
-0.17405021669999998,0.056,0.002,0.006796459430051421,0.002,0.001,4e-06
-0.173798277,0.056,0.002,0.006796459430051421,0.002,0.001,4e-06
-0.1735463374,0.056,0.002,0.006796459430051421,0.002,0.001,4e-06
-0.1732943977,0.056,0.002,0.006796459430051421,0.002,0.001,4e-06
-0.17304245810000002,0.056,0.002,0.006796459430051421,0.002,0.001,4e-06
-0.1727905185,0.056,0.002,0.006796459430051421,0.002,0.001,4e-06
-0.1725385788,0.056,0.002,0.006796459430051421,0.002,0.001,4e-06
-0.1722866392,0.056,0.002,0.006796459430051421,0.002,0.001,4e-06
-0.1720346995,0.056,0.002,0.006796459430051421,0.002,0.001,4e-06
-0.1717827599,0.056,0.002,0.006796459430051421,0.002,0.001,4e-06
-0.1715308202,0.056,0.002,0.006796459430051421,0.002,0.001,4e-06
-0.17127888060000002,0.056,0.002,0.006796459430051421,0.002,0.001,4e-06
-0.1710269409,0.056,0.002,0.006796459430051421,0.002,0.001,4e-06
-0.1707750013,0.056,0.002,0.006796459430051421,0.002,0.001,4e-06
-0.1705230617,0.056,0.002,0.006796459430051421,0.002,0.001,4e-06
-0.170271122,0.056,0.002,0.006796459430051421,0.002,0.001,4e-06
-0.1700191824,0.056,0.002,0.006796459430051421,0.002,0.001,4e-06
-0.1697672427,0.056,0.002,0.006796459430051421,0.002,0.001,4e-06
-0.16951530310000001,0.056,0.002,0.006796459430051421,0.002,0.001,4e-06
-0.1692633634,0.056,0.002,0.006796459430051421,0.002,0.001,4e-06
-0.16901142379999998,0.056,0.002,0.006796459430051421,0.002,0.001,4e-06
-0.1687594841,0.056,0.002,0.006796459430051421,0.002,0.001,4e-06
-0.1685075445,0.056,0.002,0.006796459430051421,0.002,0.001,4e-06
-0.16825560490000002,0.056,0.002,0.006796459430051421,0.002,0.001,4e-06
-0.1680036652,0.056,0.002,0.006796459430051421,0.002,0.001,4e-06
-0.16775172559999998,0.056,0.002,0.006796459430051421,0.002,0.001,4e-06
-0.1674997859,0.056,0.002,0.006796459430051421,0.002,0.001,4e-06
-0.1672478463,0.056,0.002,0.006796459430051421,0.002,0.001,4e-06
-0.16699590660000002,0.056,0.002,0.006796459430051421,0.002,0.001,4e-06
-0.166743967,0.056,0.002,0.006796459430051421,0.002,0.001,4e-06
-0.16649202740000002,0.056,0.002,0.006796459430051421,0.002,0.001,4e-06
-0.1662400877,0.056,0.002,0.006796459430051421,0.002,0.001,4e-06
-0.16598814809999998,0.056,0.002,0.006796459430051421,0.002,0.001,4e-06
-0.1657362084,0.056,0.002,0.006796459430051421,0.002,0.001,4e-06
-0.1654842688,0.056,0.002,0.006796459430051421,0.002,0.001,4e-06
-0.1652323291,0.056,0.002,0.006796459430051421,0.002,0.001,4e-06
-0.1649803895,0.056,0.002,0.006796459430051421,0.002,0.001,4e-06
-0.16472844979999998,0.056,0.002,0.006796459430051421,0.002,0.001,4e-06
-0.1644765102,0.056,0.002,0.006796459430051421,0.002,0.001,4e-06
-0.16422457059999998,0.056,0.002,0.006796459430051421,0.002,0.001,4e-06
-0.1639726309,0.056,0.002,0.006796459430051421,0.002,0.001,4e-06
-0.1637206913,0.056,0.002,0.006796459430051421,0.002,0.001,4e-06
-0.1634687516,0.056,0.002,0.006796459430051421,0.002,0.001,4e-06
-0.16321681200000002,0.056,0.002,0.006796459430051421,0.002,0.001,4e-06
-0.1629648723,0.056,0.002,0.006796459430051421,0.002,0.001,4e-06
-0.1627129327,0.056,0.002,0.006796459430051421,0.002,0.001,4e-06
-0.1624609931,0.056,0.002,0.006796459430051421,0.002,0.001,4e-06
-0.1622090534,0.056,0.002,0.006796459430051421,0.002,0.001,4e-06
-0.1619571138,0.056,0.002,0.006796459430051421,0.002,0.001,4e-06
-0.1617051741,0.056,0.002,0.006796459430051421,0.002,0.001,4e-06
-0.16145323450000001,0.056,0.002,0.006796459430051421,0.002,0.001,4e-06
-0.1612012948,0.056,0.002,0.006796459430051421,0.002,0.001,4e-06
-0.1609493552,0.056,0.002,0.006796459430051421,0.002,0.001,4e-06
-0.1606974155,0.056,0.002,0.006796459430051421,0.002,0.001,4e-06
-0.1604454759,0.056,0.002,0.006796459430051421,0.002,0.001,4e-06
-0.1601935363,0.056,0.002,0.006796459430051421,0.002,0.001,4e-06
-0.15994159659999999,0.056,0.002,0.006796459430051421,0.002,0.001,4e-06
-0.159689657,0.056,0.002,0.006796459430051421,0.002,0.001,4e-06
-0.1594377173,0.056,0.002,0.006796459430051421,0.002,0.001,4e-06
-0.15918577769999998,0.056,0.002,0.006796459430051421,0.002,0.001,4e-06
-0.15893383800000002,0.056,0.002,0.006796459430051421,0.002,0.001,4e-06
-0.1586818984,0.056,0.002,0.006796459430051421,0.002,0.001,4e-06
-0.15842995869999998,0.056,0.002,0.006796459430051421,0.002,0.001,4e-06
-0.1581780191,0.056,0.002,0.006796459430051421,0.002,0.001,4e-06
-0.15792607949999998,0.056,0.002,0.006796459430051421,0.002,0.001,4e-06
-0.1576741398,0.056,0.002,0.006796459430051421,0.002,0.001,4e-06
-0.1574222002,0.056,0.002,0.006796459430051421,0.002,0.001,4e-06
-0.15717026050000002,0.056,0.002,0.006796459430051421,0.002,0.001,4e-06
-0.1569183209,0.056,0.002,0.006796459430051421,0.002,0.001,4e-06
-0.15666638119999998,0.056,0.002,0.006796459430051421,0.002,0.001,4e-06
-0.1564144416,0.056,0.002,0.006796459430051421,0.002,0.001,4e-06
-0.15616250199999998,0.056,0.002,0.006796459430051421,0.002,0.001,4e-06
-0.1559105623,0.056,0.002,0.006796459430051421,0.002,0.001,4e-06
-0.1556586227,0.056,0.002,0.006796459430051421,0.002,0.001,4e-06
-0.155406683,0.056,0.002,0.006796459430051421,0.002,0.001,4e-06
-0.1551547434,0.056,0.002,0.006796459430051421,0.002,0.001,4e-06
-0.15490280369999998,0.056,0.002,0.006796459430051421,0.002,0.001,4e-06
-0.1546508641,0.056,0.002,0.006796459430051421,0.002,0.001,4e-06
-0.1543989244,0.056,0.002,0.006796459430051421,0.002,0.001,4e-06
-0.15414698480000003,0.056,0.002,0.006796459430051421,0.002,0.001,4e-06
-0.1538950452,0.056,0.002,0.006796459430051421,0.002,0.001,4e-06
-0.1536431055,0.056,0.002,0.006796459430051421,0.002,0.001,4e-06
-0.15339116590000001,0.056,0.002,0.006796459430051421,0.002,0.001,4e-06
-0.1531392262,0.056,0.002,0.006796459430051421,0.002,0.001,4e-06
-0.1528872866,0.056,0.002,0.006796459430051421,0.002,0.001,4e-06
-0.1526353469,0.056,0.002,0.006796459430051421,0.002,0.001,4e-06
-0.1523834073,0.056,0.002,0.006796459430051421,0.002,0.001,4e-06
-0.15213146760000001,0.056,0.002,0.006796459430051421,0.002,0.001,4e-06
-0.15187952799999999,0.056,0.002,0.006796459430051421,0.002,0.001,4e-06
-0.1516275884,0.056,0.002,0.006796459430051421,0.002,0.001,4e-06
-0.1513756487,0.056,0.002,0.006796459430051421,0.002,0.001,4e-06
-0.1511237091,0.056,0.002,0.006796459430051421,0.002,0.001,4e-06
-0.1508717694,0.056,0.002,0.006796459430051421,0.002,0.001,4e-06
-0.1506198298,0.056,0.002,0.006796459430051421,0.002,0.001,4e-06
-0.1503678901,0.056,0.002,0.006796459430051421,0.002,0.001,4e-06
-0.15011595049999998,0.056,0.002,0.006796459430051421,0.002,0.001,4e-06
-0.1498640109,0.056,0.002,0.006796459430051421,0.002,0.001,4e-06
-0.1496120712,0.056,0.002,0.006796459430051421,0.002,0.001,4e-06
-0.1493601316,0.056,0.002,0.006796459430051421,0.002,0.001,4e-06
-0.14910819190000002,0.056,0.002,0.006796459430051421,0.002,0.001,4e-06
-0.1488562523,0.056,0.002,0.006796459430051421,0.002,0.001,4e-06
-0.14860431259999998,0.056,0.002,0.006796459430051421,0.002,0.001,4e-06
-0.148352373,0.056,0.002,0.006796459430051421,0.002,0.001,4e-06
-0.1481004333,0.056,0.002,0.006796459430051421,0.002,0.001,4e-06
-0.1478484937,0.056,0.002,0.006796459430051421,0.002,0.001,4e-06
-0.1475965541,0.056,0.002,0.006796459430051421,0.002,0.001,4e-06
-0.14734461440000002,0.056,0.002,0.006796459430051421,0.002,0.001,4e-06
-0.1470926748,0.056,0.002,0.006796459430051421,0.002,0.001,4e-06
-0.14684073509999998,0.056,0.002,0.006796459430051421,0.002,0.001,4e-06
-0.1465887955,0.056,0.002,0.006796459430051421,0.002,0.001,4e-06
-0.1463368558,0.056,0.002,0.006796459430051421,0.002,0.001,4e-06
-0.1460849162,0.056,0.002,0.006796459430051421,0.002,0.001,4e-06
-0.1458329766,0.056,0.002,0.006796459430051421,0.002,0.001,4e-06
-0.1455810369,0.056,0.002,0.006796459430051421,0.002,0.001,4e-06
-0.1453290973,0.056,0.002,0.006796459430051421,0.002,0.001,4e-06
-0.1450771576,0.056,0.002,0.006796459430051421,0.002,0.001,4e-06
-0.144825218,0.056,0.002,0.006796459430051421,0.002,0.001,4e-06
-0.1445732783,0.056,0.002,0.006796459430051421,0.002,0.001,4e-06
-0.14432133870000002,0.056,0.002,0.006796459430051421,0.002,0.001,4e-06
-0.14406939900000001,0.056,0.002,0.006796459430051421,0.002,0.001,4e-06
-0.1438174594,0.056,0.002,0.006796459430051421,0.002,0.001,4e-06
-0.1435655198,0.056,0.002,0.006796459430051421,0.002,0.001,4e-06
-0.1433135801,0.056,0.002,0.006796459430051421,0.002,0.001,4e-06
-0.1430616405,0.056,0.002,0.006796459430051421,0.002,0.001,4e-06
-0.1428097008,0.056,0.002,0.006796459430051421,0.002,0.001,4e-06
-0.1425577612,0.056,0.002,0.006796459430051421,0.002,0.001,4e-06
-0.1423058215,0.056,0.002,0.006796459430051421,0.002,0.001,4e-06
-0.14205388189999998,0.056,0.002,0.006796459430051421,0.002,0.001,4e-06
-0.1418019422,0.056,0.002,0.006796459430051421,0.002,0.001,4e-06
-0.1415500026,0.056,0.002,0.006796459430051421,0.002,0.001,4e-06
-0.141298063,0.056,0.002,0.006796459430051421,0.002,0.001,4e-06
-0.1410461233,0.056,0.002,0.006796459430051421,0.002,0.001,4e-06
-0.1407941837,0.056,0.002,0.006796459430051421,0.002,0.001,4e-06
-0.140542244,0.056,0.002,0.006796459430051421,0.002,0.001,4e-06
-0.1402903044,0.056,0.002,0.006796459430051421,0.002,0.001,4e-06
-0.1400383647,0.056,0.002,0.006796459430051421,0.002,0.001,4e-06
-0.1397864251,0.056,0.002,0.006796459430051421,0.002,0.001,4e-06
-0.1395344855,0.056,0.002,0.006796459430051421,0.002,0.001,4e-06
-0.13928254580000002,0.056,0.002,0.006796459430051421,0.002,0.001,4e-06
-0.1390306062,0.056,0.002,0.006796459430051421,0.002,0.001,4e-06
-0.1387786665,0.056,0.002,0.006796459430051421,0.002,0.001,4e-06
-0.1385267269,0.056,0.002,0.006796459430051421,0.002,0.001,4e-06
-0.1382747872,0.056,0.002,0.006796459430051421,0.002,0.001,4e-06
-0.1380228476,0.056,0.002,0.006796459430051421,0.002,0.001,4e-06
-0.1377709079,0.056,0.002,0.006796459430051421,0.002,0.001,4e-06
-0.13751896830000002,0.056,0.002,0.006796459430051421,0.002,0.001,4e-06
-0.1372670287,0.056,0.002,0.006796459430051421,0.002,0.001,4e-06
-0.13701508899999998,0.056,0.002,0.006796459430051421,0.002,0.001,4e-06
-0.1367631494,0.056,0.002,0.006796459430051421,0.002,0.001,4e-06
-0.1365112097,0.056,0.002,0.006796459430051421,0.002,0.001,4e-06
-0.1362592701,0.056,0.002,0.006796459430051421,0.002,0.001,4e-06
-0.1360073304,0.056,0.002,0.006796459430051421,0.002,0.001,4e-06
-0.1357553908,0.056,0.002,0.006796459430051421,0.002,0.001,4e-06
-0.1355034511,0.056,0.002,0.006796459430051421,0.002,0.001,4e-06
-0.1352515115,0.056,0.002,0.006796459430051421,0.002,0.001,4e-06
-0.1349995719,0.056,0.002,0.006796459430051421,0.002,0.001,4e-06
-0.1347476322,0.056,0.002,0.006796459430051421,0.002,0.001,4e-06
-0.13449569260000002,0.056,0.002,0.006796459430051421,0.002,0.001,4e-06
-0.1342437529,0.056,0.002,0.006796459430051421,0.002,0.001,4e-06
-0.13399181329999998,0.056,0.002,0.006796459430051421,0.002,0.001,4e-06
-0.1337398736,0.056,0.002,0.006796459430051421,0.002,0.001,4e-06
-0.133487934,0.056,0.002,0.006796459430051421,0.002,0.001,4e-06
-0.1332359944,0.056,0.002,0.006796459430051421,0.002,0.001,4e-06
-0.1329840547,0.056,0.002,0.006796459430051421,0.002,0.001,4e-06
-0.1327321151,0.056,0.002,0.006796459430051421,0.002,0.001,4e-06
-0.1324801754,0.056,0.002,0.006796459430051421,0.002,0.001,4e-06
-0.13222823579999998,0.056,0.002,0.006796459430051421,0.002,0.001,4e-06
-0.1319762961,0.056,0.002,0.006796459430051421,0.002,0.001,4e-06
-0.1317243565,0.056,0.002,0.006796459430051421,0.002,0.001,4e-06
-0.1314724168,0.056,0.002,0.006796459430051421,0.002,0.001,4e-06
-0.13122047720000002,0.056,0.002,0.006796459430051421,0.002,0.001,4e-06
-0.1309685376,0.056,0.002,0.006796459430051421,0.002,0.001,4e-06
-0.1307165979,0.056,0.002,0.006796459430051421,0.002,0.001,4e-06
-0.1304646583,0.056,0.002,0.006796459430051421,0.002,0.001,4e-06
-0.1302127186,0.056,0.002,0.006796459430051421,0.002,0.001,4e-06
-0.129960779,0.056,0.002,0.006796459430051421,0.002,0.001,4e-06
-0.1297088393,0.056,0.002,0.006796459430051421,0.002,0.001,4e-06
-0.12945689970000002,0.056,0.002,0.006796459430051421,0.002,0.001,4e-06
-0.12920496,0.056,0.002,0.006796459430051421,0.002,0.001,4e-06
-0.1289530204,0.056,0.002,0.006796459430051421,0.002,0.001,4e-06
-0.1287010808,0.056,0.002,0.006796459430051421,0.002,0.001,4e-06
-0.1284491411,0.056,0.002,0.006796459430051421,0.002,0.001,4e-06
-0.1281972015,0.056,0.002,0.006796459430051421,0.002,0.001,4e-06
-0.1279452618,0.056,0.002,0.006796459430051421,0.002,0.001,4e-06
-0.1276933222,0.056,0.002,0.006796459430051421,0.002,0.001,4e-06
-0.1274413825,0.056,0.002,0.006796459430051421,0.002,0.001,4e-06
-0.1271894429,0.056,0.002,0.006796459430051421,0.002,0.001,4e-06
-0.1269375033,0.056,0.002,0.006796459430051421,0.002,0.001,4e-06
-0.1266855636,0.056,0.002,0.006796459430051421,0.002,0.001,4e-06
-0.126433624,0.056,0.002,0.006796459430051421,0.002,0.001,4e-06
-0.1261816843,0.056,0.002,0.006796459430051421,0.002,0.001,4e-06
-0.1259297447,0.056,0.002,0.006796459430051421,0.002,0.001,4e-06
-0.125677805,0.056,0.002,0.006796459430051421,0.002,0.001,4e-06
-0.1254258654,0.056,0.002,0.006796459430051421,0.002,0.001,4e-06
-0.1251739257,0.056,0.002,0.006796459430051421,0.002,0.001,4e-06
-0.1249219861,0.056,0.002,0.006796459430051421,0.002,0.001,4e-06
-0.12467004649999999,0.056,0.002,0.006796459430051421,0.002,0.001,4e-06
-0.1244181068,0.056,0.002,0.006796459430051421,0.002,0.001,4e-06
-0.12416616720000001,0.056,0.002,0.006796459430051421,0.002,0.001,4e-06
-0.1239142275,0.056,0.002,0.006796459430051421,0.002,0.001,4e-06
-0.1236622879,0.056,0.002,0.006796459430051421,0.002,0.001,4e-06
-0.1234103482,0.056,0.002,0.006796459430051421,0.002,0.001,4e-06
-0.1231584086,0.056,0.002,0.006796459430051421,0.002,0.001,4e-06
-0.122906469,0.056,0.002,0.006796459430051421,0.002,0.001,4e-06
-0.1226545293,0.056,0.002,0.006796459430051421,0.002,0.001,4e-06
-0.1224025897,0.056,0.002,0.006796459430051421,0.002,0.001,4e-06
-0.12215065,0.056,0.002,0.006796459430051421,0.002,0.001,4e-06
-0.1218987104,0.056,0.002,0.006796459430051421,0.002,0.001,4e-06
-0.1216467707,0.056,0.002,0.006796459430051421,0.002,0.001,4e-06
-0.1213948311,0.056,0.002,0.006796459430051421,0.002,0.001,4e-06
-0.1211428914,0.056,0.002,0.006796459430051421,0.002,0.001,4e-06
-0.1208909518,0.056,0.002,0.006796459430051421,0.002,0.001,4e-06
-0.12063901219999999,0.056,0.002,0.006796459430051421,0.002,0.001,4e-06
-0.1203870725,0.056,0.002,0.006796459430051421,0.002,0.001,4e-06
-0.1201351329,0.056,0.002,0.006796459430051421,0.002,0.001,4e-06
-0.11988319319999999,0.056,0.002,0.006796459430051421,0.002,0.001,4e-06
-0.11963125359999999,0.056,0.002,0.006796459430051421,0.002,0.001,4e-06
-0.1193793139,0.056,0.002,0.006796459430051421,0.002,0.001,4e-06
-0.1191273743,0.056,0.002,0.006796459430051421,0.002,0.001,4e-06
-0.11887543460000001,0.056,0.002,0.006796459430051421,0.002,0.001,4e-06
-0.11862349500000001,0.056,0.002,0.006796459430051421,0.002,0.001,4e-06
-0.11837155540000001,0.056,0.002,0.006796459430051421,0.002,0.001,4e-06
-0.1181196157,0.056,0.002,0.006796459430051421,0.002,0.001,4e-06
-0.1178676761,0.056,0.002,0.006796459430051421,0.002,0.001,4e-06
-0.1176157364,0.056,0.002,0.006796459430051421,0.002,0.001,4e-06
-0.1173637968,0.056,0.002,0.006796459430051421,0.002,0.001,4e-06
-0.1171118571,0.056,0.002,0.006796459430051421,0.002,0.001,4e-06
-0.1168599175,0.056,0.002,0.006796459430051421,0.002,0.001,4e-06
-0.11660797789999999,0.056,0.002,0.006796459430051421,0.002,0.001,4e-06
-0.1163560382,0.056,0.002,0.006796459430051421,0.002,0.001,4e-06
-0.1161040986,0.056,0.002,0.006796459430051421,0.002,0.001,4e-06
-0.1158521589,0.056,0.002,0.006796459430051421,0.002,0.001,4e-06
-0.1156002193,0.056,0.002,0.006796459430051421,0.002,0.001,4e-06
-0.11534827959999999,0.056,0.002,0.006796459430051421,0.002,0.001,4e-06
-0.11509633999999999,0.056,0.002,0.006796459430051421,0.002,0.001,4e-06
-0.11484440030000001,0.056,0.002,0.006796459430051421,0.002,0.001,4e-06
-0.11459246070000001,0.056,0.002,0.006796459430051421,0.002,0.001,4e-06
-0.11434052110000001,0.056,0.002,0.006796459430051421,0.002,0.001,4e-06
-0.1140885814,0.056,0.002,0.006796459430051421,0.002,0.001,4e-06
-0.1138366418,0.056,0.002,0.006796459430051421,0.002,0.001,4e-06
-0.1135847021,0.056,0.002,0.006796459430051421,0.002,0.001,4e-06
-0.1133327625,0.056,0.002,0.006796459430051421,0.002,0.001,4e-06
-0.11308082280000001,0.056,0.002,0.006796459430051421,0.002,0.001,4e-06
-0.11282888320000001,0.056,0.002,0.006796459430051421,0.002,0.001,4e-06
-0.1125769435,0.056,0.002,0.006796459430051421,0.002,0.001,4e-06
-0.1123250039,0.056,0.002,0.006796459430051421,0.002,0.001,4e-06
-0.1120730643,0.056,0.002,0.006796459430051421,0.002,0.001,4e-06
-0.1118211246,0.056,0.002,0.006796459430051421,0.002,0.001,4e-06
-0.111569185,0.056,0.002,0.006796459430051421,0.002,0.001,4e-06
-0.11131724529999999,0.056,0.002,0.006796459430051421,0.002,0.001,4e-06
-0.11106530569999999,0.056,0.002,0.006796459430051421,0.002,0.001,4e-06
-0.110813366,0.056,0.002,0.006796459430051421,0.002,0.001,4e-06
-0.1105614264,0.056,0.002,0.006796459430051421,0.002,0.001,4e-06
-0.1103094868,0.056,0.002,0.006796459430051421,0.002,0.001,4e-06
-0.1100575471,0.056,0.002,0.006796459430051421,0.002,0.001,4e-06
-0.1098056075,0.056,0.002,0.006796459430051421,0.002,0.001,4e-06
-0.1095536678,0.056,0.002,0.006796459430051421,0.002,0.001,4e-06
-0.1093017282,0.056,0.002,0.006796459430051421,0.002,0.001,4e-06
-0.10904978850000001,0.056,0.002,0.006796459430051421,0.002,0.001,4e-06
-0.10879784890000001,0.056,0.002,0.006796459430051421,0.002,0.001,4e-06
-0.1085459092,0.056,0.002,0.006796459430051421,0.002,0.001,4e-06
-0.1082939696,0.056,0.002,0.006796459430051421,0.002,0.001,4e-06
-0.10804203,0.056,0.002,0.006796459430051421,0.002,0.001,4e-06
-0.1077900903,0.056,0.002,0.006796459430051421,0.002,0.001,4e-06
-0.1075381507,0.056,0.002,0.006796459430051421,0.002,0.001,4e-06
-0.10728621099999999,0.056,0.002,0.006796459430051421,0.002,0.001,4e-06
-0.10703427139999999,0.056,0.002,0.006796459430051421,0.002,0.001,4e-06
-0.1067823317,0.056,0.002,0.006796459430051421,0.002,0.001,4e-06
-0.1065303921,0.056,0.002,0.006796459430051421,0.002,0.001,4e-06
-0.1062784524,0.056,0.002,0.006796459430051421,0.002,0.001,4e-06
-0.1060265128,0.056,0.002,0.006796459430051421,0.002,0.001,4e-06
-0.1057745732,0.056,0.002,0.006796459430051421,0.002,0.001,4e-06
-0.1055226335,0.056,0.002,0.006796459430051421,0.002,0.001,4e-06
-0.1052706939,0.056,0.002,0.006796459430051421,0.002,0.001,4e-06
-0.10501875420000001,0.056,0.002,0.006796459430051421,0.002,0.001,4e-06
-0.10476681460000001,0.056,0.002,0.006796459430051421,0.002,0.001,4e-06
-0.1045148749,0.056,0.002,0.006796459430051421,0.002,0.001,4e-06
-0.1042629353,0.056,0.002,0.006796459430051421,0.002,0.001,4e-06
-0.1040109957,0.056,0.002,0.006796459430051421,0.002,0.001,4e-06
-0.103759056,0.056,0.002,0.006796459430051421,0.002,0.001,4e-06
-0.1035071164,0.056,0.002,0.006796459430051421,0.002,0.001,4e-06
-0.1032551767,0.056,0.002,0.006796459430051421,0.002,0.001,4e-06
-0.1030032371,0.056,0.002,0.006796459430051421,0.002,0.001,4e-06
-0.1027512974,0.056,0.002,0.006796459430051421,0.002,0.001,4e-06
-0.1024993578,0.056,0.002,0.006796459430051421,0.002,0.001,4e-06
-0.1022474181,0.056,0.002,0.006796459430051421,0.002,0.001,4e-06
-0.1019954785,0.056,0.002,0.006796459430051421,0.002,0.001,4e-06
-0.1017435389,0.056,0.002,0.006796459430051421,0.002,0.001,4e-06
-0.10149159919999999,0.056,0.002,0.006796459430051421,0.002,0.001,4e-06
-0.10123965959999999,0.056,0.002,0.006796459430051421,0.002,0.001,4e-06
-0.10098771990000001,0.056,0.002,0.006796459430051421,0.002,0.001,4e-06
-0.10073578030000001,0.056,0.002,0.006796459430051421,0.002,0.001,4e-06
-0.1004838406,0.056,0.002,0.006796459430051421,0.002,0.001,4e-06
-0.100231901,0.056,0.002,0.006796459430051421,0.002,0.001,4e-06
-0.09997996135,0.056,0.002,0.006796459430051421,0.002,0.001,4e-06
-0.09972802170999999,0.056,0.002,0.006796459430051421,0.002,0.001,4e-06
-0.09947608206,0.056,0.002,0.006796459430051421,0.002,0.001,4e-06
-0.09922956688,0.055999696909628034,0.002,0.006796411820727124,0.002,0.001,4e-06
-0.0989830532,0.055998791446564763,0.002,0.006796269590921741,0.002,0.001,4e-06
-0.09873654251000001,0.0559972843609696,0.002,0.006796032858470037,0.002,0.001,4e-06
-0.09849003632,0.055995175672760085,0.002,0.0067957016265006494,0.002,0.001,4e-06
-0.09824353612,0.05599246539277957,0.002,0.006795275896716852,0.002,0.001,4e-06
-0.09799704341,0.055989153550960034,0.002,0.006794755673820346,0.002,0.001,4e-06
-0.09775055968,0.055985240140654854,0.002,0.0067941409567670846,0.002,0.001,4e-06
-0.09750408645,0.05598072521894179,0.002,0.00679343175452282,0.002,0.001,4e-06
-0.09725762519,0.05597560879138461,0.002,0.006792628067961505,0.002,0.001,4e-06
-0.09701117742,0.0559698908969195,0.002,0.006791729903199225,0.002,0.001,4e-06
-0.09676474463,0.05596357157728881,0.002,0.006790737266792855,0.002,0.001,4e-06
-0.09651832832,0.05595665086579031,0.002,0.006789650163972788,0.002,0.001,4e-06
-0.09627192997,0.05594912881261012,0.002,0.006788468602622248,0.002,0.001,4e-06
-0.09602555111,0.05594100547043234,0.002,0.006787192591016834,0.002,0.001,4e-06
-0.0957791932,0.05593228088323609,0.002,0.006785822136064766,0.002,0.001,4e-06
-0.09553285777000001,0.05592295511171503,0.002,0.006784357247299786,0.002,0.001,4e-06
-0.0952865463,0.055913028210452784,0.002,0.006782797933295866,0.002,0.001,4e-06
-0.09504026029000001,0.05590250024163698,0.002,0.006781144203821419,0.002,0.001,4e-06
-0.09479400123000001,0.055891371285350856,0.002,0.006779396071455888,0.002,0.001,4e-06
-0.09454777063,0.055879641401213695,0.002,0.00677755354556425,0.002,0.001,4e-06
-0.09430156997,0.05586731067557913,0.002,0.0067756166397109005,0.002,0.001,4e-06
-0.09405540075999999,0.05585437917916116,0.002,0.006773585365003569,0.002,0.001,4e-06
-0.0938092645,0.05584084699257737,0.002,0.006771459734105636,0.002,0.001,4e-06
-0.09356316266999999,0.05582671421580187,0.002,0.006769239762721001,0.002,0.001,4e-06
-0.09331709677000001,0.05581198092356041,0.002,0.006766925462587553,0.002,0.001,4e-06
-0.09307106829999999,0.05579664722676138,0.002,0.006764516851126742,0.002,0.001,4e-06
-0.09282507876,0.055780713213434634,0.002,0.006762013942166268,0.002,0.001,4e-06
-0.09257912962999999,0.05576417898879623,0.002,0.006759416752233427,0.002,0.001,4e-06
-0.09233322241,0.055747044661761384,0.002,0.006756725298436583,0.002,0.001,4e-06
-0.09208735860999999,0.05572931034597155,0.002,0.006753939598626494,0.002,0.001,4e-06
-0.0918415397,0.05571097614308351,0.002,0.00675105966877137,0.002,0.001,4e-06
-0.09159576719000001,0.05569204217868411,0.002,0.006748085528598345,0.002,0.001,4e-06
-0.09135004256000001,0.055672508581793276,0.002,0.006745017198373823,0.002,0.001,4e-06
-0.09110436731999999,0.05565237546700788,0.002,0.006741854696098641,0.002,0.001,4e-06
-0.09085874296,0.055631642968047304,0.002,0.006738598042777384,0.002,0.001,4e-06
-0.09061317096,0.055610311218894815,0.002,0.0067352472594561005,0.002,0.001,4e-06
-0.09036765282,0.05558838036096151,0.002,0.0067318023683475905,0.002,0.001,4e-06
-0.09012219003,0.055565850529336824,0.002,0.006728263390671655,0.002,0.001,4e-06
-0.08987678408,0.05554272187124793,0.002,0.006724630349554681,0.002,0.001,4e-06
-0.08963143648,0.055518994539680476,0.002,0.006720903269027601,0.002,0.001,4e-06
-0.08938614869,0.05549466868161637,0.002,0.006717082172178278,0.002,0.001,4e-06
-0.08914092221999999,0.05546974445409141,0.002,0.006713167083673836,0.002,0.001,4e-06
-0.08889575856000001,0.0554442220213557,0.002,0.006709158029314625,0.002,0.001,4e-06
-0.08865065920000001,0.05541810155274406,0.002,0.006705055035699693,0.002,0.001,4e-06
-0.08840562562,0.05539138320638411,0.002,0.006700858127667667,0.002,0.001,4e-06
-0.08816065931999999,0.05536406715560214,0.002,0.006696567332444581,0.002,0.001,4e-06
-0.08791576177999999,0.05533615358383849,0.002,0.006692182678845176,0.002,0.001,4e-06
-0.08767093448999999,0.05530764266678882,0.002,0.006687704194467658,0.002,0.001,4e-06
-0.08742617894,0.055278534590922454,0.002,0.006683131908602561,0.002,0.001,4e-06
-0.08718149662,0.055248829541693883,0.002,0.006678465850381012,0.002,0.001,4e-06
-0.08693688901,0.05521852770996172,0.002,0.006673706049783007,0.002,0.001,4e-06
-0.08669235759999999,0.05518762929278006,0.002,0.006668852537761736,0.002,0.001,4e-06
-0.08644790388,0.05515613449123768,0.002,0.006663905345904145,0.002,0.001,4e-06
-0.08620352933,0.05512404350749092,0.002,0.00665886450596488,0.002,0.001,4e-06
-0.08595923544,0.05509135654319264,0.002,0.006653730049619498,0.002,0.001,4e-06
-0.08571502368999999,0.05505807381522239,0.002,0.006648502010935361,0.002,0.001,4e-06
-0.08547089557,0.055024195541336515,0.002,0.006643180424117552,0.002,0.001,4e-06
-0.08522685255000001,0.05498972193424714,0.002,0.006637765322578816,0.002,0.001,4e-06
-0.08498289613,0.054954653216544164,0.002,0.0066322567412834925,0.002,0.001,4e-06
-0.08473902778,0.05491898961654137,0.002,0.0066266547160950245,0.002,0.001,4e-06
-0.08449524899,0.05488273136569567,0.002,0.006620959283370581,0.002,0.001,4e-06
-0.08425156124,0.05484587870117788,0.002,0.006615170480364868,0.002,0.001,4e-06
-0.08400796601,0.05480843185261841,0.002,0.00660928834314814,0.002,0.001,4e-06
-0.08376446477,0.054770391065781354,0.002,0.006603312910324937,0.002,0.001,4e-06
-0.08352105902,0.054731756585642034,0.002,0.00659724422037589,0.002,0.001,4e-06
-0.08327775022,0.05469252866280211,0.002,0.006591082312665414,0.002,0.001,4e-06
-0.08303453985999999,0.054652707555472205,0.002,0.006584827227753142,0.002,0.001,4e-06
-0.08279142942,0.054612293518064174,0.002,0.0065784790056019945,0.002,0.001,4e-06
-0.08254842037,0.05457128680522924,0.002,0.006572037686212491,0.002,0.001,4e-06
-0.08230551419,0.054529687683226635,0.002,0.006565503311408531,0.002,0.001,4e-06
-0.08206271235,0.05448749643070686,0.002,0.006558875924960439,0.002,0.001,4e-06
-0.08182001633,0.05444471331550227,0.002,0.006552155568939216,0.002,0.001,4e-06
-0.08157742761,0.05440133861266345,0.002,0.006545342286549712,0.002,0.001,4e-06
-0.08133494766,0.054357372607044124,0.002,0.006538436122536644,0.002,0.001,4e-06
-0.08109257795000001,0.054312815571434386,0.002,0.006531437119749779,0.002,0.001,4e-06
-0.08085031996,0.05426766781198589,0.002,0.006524345326279308,0.002,0.001,4e-06
-0.08060817514999999,0.05422192960109386,0.002,0.006517160784912971,0.002,0.001,4e-06
-0.08036614501,0.054175601245414824,0.002,0.006509883543820262,0.002,0.001,4e-06
-0.08012423099999999,0.054128683049994804,0.002,0.006502513650917701,0.002,0.001,4e-06
-0.07988243459000001,0.054081175303414664,0.002,0.006495051151535463,0.002,0.001,4e-06
-0.07964075724,0.05403307832249656,0.002,0.0064874960954398545,0.002,0.001,4e-06
-0.07939920044,0.05398439242754056,0.002,0.006479848532943493,0.002,0.001,4e-06
-0.07915776565,0.05393511791840518,0.002,0.0064721085111480465,0.002,0.001,4e-06
-0.07891645432,0.053885255119470565,0.002,0.0064642760810070254,0.002,0.001,4e-06
-0.07867526794,0.05383480435236246,0.002,0.0064563512930412865,0.002,0.001,4e-06
-0.07843420797,0.05378376594895603,0.002,0.006448334199381655,0.002,0.001,4e-06
-0.07819327586,0.05373214023050271,0.002,0.006440224850490195,0.002,0.001,4e-06
-0.0779524731,0.05367992754515078,0.002,0.006432023301053904,0.002,0.001,4e-06
-0.07771180113,0.05362712822223138,0.002,0.006423729602803999,0.002,0.001,4e-06
-0.07747126142,0.05357374259403395,0.002,0.006415343807936381,0.002,0.001,4e-06
-0.07723085543000001,0.053519771026992,0.002,0.0064068659740102955,0.002,0.001,4e-06
-0.07699058463,0.05346521386536912,0.002,0.006398296155102538,0.002,0.001,4e-06
-0.07675045047000001,0.05341007144924225,0.002,0.00638963440463227,0.002,0.001,4e-06
-0.07651045442,0.05335434415398031,0.002,0.006380880781562305,0.002,0.001,4e-06
-0.07627059792,0.05329803232631623,0.002,0.00637203534035732,0.002,0.001,4e-06
-0.07603088244999999,0.05324113633871774,0.002,0.006363098139524412,0.002,0.001,4e-06
-0.07579130945,0.05318365655538071,0.002,0.0063540692362713345,0.002,0.001,4e-06
-0.07555188038,0.05312559336407195,0.002,0.006344948691508355,0.002,0.001,4e-06
-0.07531259671,0.05306694712179336,0.002,0.006335736561313202,0.002,0.001,4e-06
-0.07507345987,0.05300771822274673,0.002,0.006326432907606946,0.002,0.001,4e-06
-0.07483447132000001,0.052947907038494696,0.002,0.006317037788754512,0.002,0.001,4e-06
-0.07459563253,0.052887513976875904,0.002,0.006307551268819043,0.002,0.001,4e-06
-0.07435694493,0.05282653941229385,0.002,0.006297973406611701,0.002,0.001,4e-06
-0.07411840998,0.05276498374760123,0.002,0.006288304265412442,0.002,0.001,4e-06
-0.07388002913,0.05270284738643909,0.002,0.006278543908625053,0.002,0.001,4e-06
-0.07364180382,0.05264013072071138,0.002,0.006268692397809663,0.002,0.001,4e-06
-0.07340373551,0.052576834174076374,0.002,0.006258749799514357,0.002,0.001,4e-06
-0.07316582563999999,0.05251295813395267,0.002,0.006248716174594703,0.002,0.001,4e-06
-0.07292807566000001,0.05244850304297953,0.002,0.00623859159258032,0.002,0.001,4e-06
-0.07269048701,0.05238346930344051,0.002,0.006228376116661757,0.002,0.001,4e-06
-0.07245306113,0.052317857344134945,0.002,0.0062180698141946576,0.002,0.001,4e-06
-0.07221579947,0.05225166758221573,0.002,0.006207672750705244,0.002,0.001,4e-06
-0.07197870347999999,0.05218490047024108,0.002,0.006197184997281195,0.002,0.001,4e-06
-0.07174177458,0.0521175564108928,0.002,0.006186606617175622,0.002,0.001,4e-06
-0.07150501423,0.052049635882832124,0.002,0.006175937685576454,0.002,0.001,4e-06
-0.07126842385,0.051981139285144994,0.002,0.006165178265171966,0.002,0.001,4e-06
-0.0710320049,0.051912067092852926,0.002,0.00615432843057836,0.002,0.001,4e-06
-0.07079575879,0.0518424197383897,0.002,0.006143388249722178,0.002,0.001,4e-06
-0.07055968698,0.05177219768565601,0.002,0.006132357795472771,0.002,0.001,4e-06
-0.07032379089,0.05170140139739614,0.002,0.0061212371405178385,0.002,0.001,4e-06
-0.07008807196,0.051630031310556976,0.002,0.00611002635349284,0.002,0.001,4e-06
-0.06985253161999999,0.05155808792205141,0.002,0.006098725512452668,0.002,0.001,4e-06
-0.06961717129999999,0.05148557167624221,0.002,0.006087334687197663,0.002,0.001,4e-06
-0.06938199243,0.051412483054904146,0.002,0.00607585395340483,0.002,0.001,4e-06
-0.06914699645,0.051338822550090306,0.002,0.006064283388365685,0.002,0.001,4e-06
-0.06891218477,0.05126459060113414,0.002,0.006052623061090568,0.002,0.001,4e-06
-0.06867755883,0.05118978772593559,0.002,0.006040873052931011,0.002,0.001,4e-06
-0.06844312005,0.05111441441594001,0.002,0.006029033441083067,0.002,0.001,4e-06
-0.06820886986,0.051038471136701194,0.002,0.006017104298675758,0.002,0.001,4e-06
-0.06797480968000001,0.0509619584043871,0.002,0.006005085706788557,0.002,0.001,4e-06
-0.06774094093,0.05088487670669847,0.002,0.005992977742029315,0.002,0.001,4e-06
-0.06750726503999999,0.05080722657369529,0.002,0.005980780487659662,0.002,0.001,4e-06
-0.06727378342,0.050729008463686935,0.002,0.005968494015670666,0.002,0.001,4e-06
-0.06704049749,0.05065022292769687,0.002,0.00595611841261689,0.002,0.001,4e-06
-0.06680740867,0.05057087046427878,0.002,0.005943653756810963,0.002,0.001,4e-06
-0.06657451838,0.05049095160385371,0.002,0.0059311001315712295,0.002,0.001,4e-06
-0.06634182804,0.05041046685525494,0.002,0.005918457616825034,0.002,0.001,4e-06
-0.06610933905000001,0.050329416749776645,0.002,0.005905726296027869,0.002,0.001,4e-06
-0.06587705282,0.05024780181560356,0.002,0.0058929062521468,0.002,0.001,4e-06
-0.06564497077999999,0.05016562260558538,0.002,0.005879997572023255,0.002,0.001,4e-06
-0.06541309433,0.05008287961459931,0.002,0.0058670003333923595,0.002,0.001,4e-06
-0.06518142487999999,0.049999573439531486,0.002,0.005853914630012773,0.002,0.001,4e-06
-0.06494996384,0.0499157045762978,0.002,0.00584074053978278,0.002,0.001,4e-06
-0.06471871260999999,0.04983127359345455,0.002,0.005827478152010993,0.002,0.001,4e-06
-0.06448767259999999,0.04974628106656319,0.002,0.005814127557106396,0.002,0.001,4e-06
-0.06425684522,0.049660727521259156,0.002,0.005800688837635611,0.002,0.001,4e-06
-0.06402623185999999,0.049574613511452176,0.002,0.005787162080606573,0.002,0.001,4e-06
-0.06379583393,0.04948793964571851,0.002,0.005773547381614216,0.002,0.001,4e-06
-0.06356565283,0.0494007064540897,0.002,0.005759844823915704,0.002,0.001,4e-06
-0.06333568996,0.0493129145185027,0.002,0.005746054498921476,0.002,0.001,4e-06
-0.06310594671,0.04922456441534123,0.002,0.005732176497169678,0.002,0.001,4e-06
-0.06287642448,0.049135656739574346,0.002,0.005718210912117829,0.002,0.001,4e-06
-0.06264712467,0.04904619204722207,0.002,0.005704157831105349,0.002,0.001,4e-06
-0.062418048659999996,0.04895617093520532,0.002,0.00569001734789636,0.002,0.001,4e-06
-0.06218919786,0.048865594023293955,0.002,0.005675789559844079,0.002,0.001,4e-06
-0.06196057365,0.04877446185206397,0.002,0.00566147455186199,0.002,0.001,4e-06
-0.06173217742,0.0486827750782947,0.002,0.005647072427116745,0.002,0.001,4e-06
-0.061504010559999996,0.04859053426868836,0.002,0.0056325832746257215,0.002,0.001,4e-06
-0.06127607445,0.0484977400324156,0.002,0.0056180071900772234,0.002,0.001,4e-06
-0.061048370490000003,0.04840439300665176,0.002,0.005603344273558517,0.002,0.001,4e-06
-0.06082090005,0.04831049375729203,0.002,0.0055885946139602105,0.002,0.001,4e-06
-0.06059366452,0.04821604294946793,0.002,0.005573758315760919,0.002,0.001,4e-06
-0.06036666527,0.04812104118004471,0.002,0.005558835472716019,0.002,0.001,4e-06
-0.060139903689999996,0.04802548909206321,0.002,0.005543826185834127,0.002,0.001,4e-06
-0.05991338116,0.04792938730017558,0.002,0.005528730551664577,0.002,0.001,4e-06
-0.05968709905,0.047832736428814665,0.002,0.005513548668293052,0.002,0.001,4e-06
-0.059461058729999995,0.0477355371428288,0.002,0.005498280640153683,0.002,0.001,4e-06
-0.05923526159,0.04763779005762286,0.002,0.005482926563914043,0.002,0.001,4e-06
-0.05900970899,0.04753949585976996,0.002,0.005467486547420785,0.002,0.001,4e-06
-0.058784402300000003,0.04744065513151853,0.002,0.0054519606821332766,0.002,0.001,4e-06
-0.0585593429,0.047341268586523697,0.002,0.005436349080152204,0.002,0.001,4e-06
-0.05833453214,0.04724133685340218,0.002,0.005420651840220452,0.002,0.001,4e-06
-0.05810997141,0.04714086059329413,0.002,0.005404869066189671,0.002,0.001,4e-06
-0.05788566205,0.04703984045644105,0.002,0.005389000860199557,0.002,0.001,4e-06
-0.05766160544,0.04693827716754551,0.002,0.005373047336086125,0.002,0.001,4e-06
-0.05743780293,0.04683617131306655,0.002,0.005357008585970144,0.002,0.001,4e-06
-0.057214255889999996,0.04673352364993126,0.002,0.005340884728749446,0.002,0.001,4e-06
-0.05698916086,0.04662919307713111,0.002,0.005324496520696758,0.002,0.001,4e-06
-0.05676406582,0.046524229547151255,0.002,0.005308008887962779,0.002,0.001,4e-06
-0.056538970790000004,0.04641926601590623,0.002,0.005291521255030067,0.002,0.001,4e-06
-0.05631387576,0.04631430247590621,0.002,0.005275033620722127,0.002,0.001,4e-06
-0.05608878072,0.046209338927151254,0.002,0.005258545985038961,0.002,0.001,4e-06
-0.05586368569,0.046104375387131115,0.002,0.005242058350727859,0.002,0.001,4e-06
-0.05563859066,0.04599941186590622,0.002,0.0052255707193691065,0.002,0.001,4e-06
-0.055413495619999996,0.04589444831715125,0.002,0.00520908308368594,0.002,0.001,4e-06
-0.05518840059,0.04578948478590622,0.002,0.005192595450753229,0.002,0.001,4e-06
-0.05496330556,0.04568452124590623,0.002,0.005176107816445292,0.002,0.001,4e-06
-0.054738210520000004,0.04557955768837615,0.002,0.005159620179383734,0.002,0.001,4e-06
-0.05451311549,0.04547459417590621,0.002,0.0051431325494002075,0.002,0.001,4e-06
-0.054288020449999995,0.04536963062715125,0.002,0.005126644913717043,0.002,0.001,4e-06
-0.05406292542,0.04526466709590622,0.002,0.00511015728078433,0.002,0.001,4e-06
-0.05383783039,0.045159703547131134,0.002,0.005093669645098005,0.002,0.001,4e-06
-0.05361273535,0.04505474001715125,0.002,0.0050771820123640225,0.002,0.001,4e-06
-0.053387640320000006,0.044949776485906215,0.002,0.005060694379431309,0.002,0.001,4e-06
-0.053162545289999995,0.04484481294590621,0.002,0.00504420674512337,0.002,0.001,4e-06
-0.05293745025,0.04473984939715125,0.002,0.005027719109440204,0.002,0.001,4e-06
-0.05271235522,0.04463488585713111,0.002,0.005011231475129102,0.002,0.001,4e-06
-0.05248726019,0.044529922335906226,0.002,0.004994743843770352,0.002,0.001,4e-06
-0.05226216515,0.044424958787151234,0.002,0.0049782562080871815,0.002,0.001,4e-06
-0.05203707012,0.04431999525590623,0.002,0.0049617685751544745,0.002,0.001,4e-06
-0.05181197509,0.04421503171590622,0.002,0.004945280940846533,0.002,0.001,4e-06
-0.05158688005,0.044110068158376134,0.002,0.004928793303784976,0.002,0.001,4e-06
-0.05136178502,0.04400510464590623,0.002,0.004912305673801454,0.002,0.001,4e-06
-0.05113668999,0.04390014110590621,0.002,0.004895818039493512,0.002,0.001,4e-06
-0.05091159495,0.04379517755715125,0.002,0.0048793304038103474,0.002,0.001,4e-06
-0.05068649992,0.04369021402590623,0.002,0.004862842770877638,0.002,0.001,4e-06
-0.05046140489,0.043585250477131104,0.002,0.004846355135191305,0.002,0.001,4e-06
-0.05023630985,0.04348028694715125,0.002,0.004829867502457327,0.002,0.001,4e-06
-0.05001121482,0.04337532341590622,0.002,0.004813379869524616,0.002,0.001,4e-06
-0.04978611979,0.04327035987590622,0.002,0.004796892235216676,0.002,0.001,4e-06
-0.04956102475,0.04316539631837615,0.002,0.004780404598155121,0.002,0.001,4e-06
-0.049335929720000005,0.04306043280590622,0.002,0.004763916968171595,0.002,0.001,4e-06
-0.04911083469,0.042955469265906224,0.002,0.004747429333863656,0.002,0.001,4e-06
-0.048885739649999996,0.042850505717151245,0.002,0.004730941698180488,0.002,0.001,4e-06
-0.04866064462,0.04274554218590622,0.002,0.004714454065247778,0.002,0.001,4e-06
-0.04843554959,0.042640578637131124,0.002,0.00469796642956145,0.002,0.001,4e-06
-0.048210454550000004,0.042535615107151245,0.002,0.004681478796827468,0.002,0.001,4e-06
-0.04798535952,0.042430651575906225,0.002,0.004664991163894758,0.002,0.001,4e-06
-0.047760264489999996,0.04232568803590622,0.002,0.004648503529586819,0.002,0.001,4e-06
-0.04753516945,0.042220724487151244,0.002,0.004632015893903652,0.002,0.001,4e-06
-0.04731007442,0.042115760947131126,0.002,0.004615528259592553,0.002,0.001,4e-06
-0.047084979390000004,0.04201079742590623,0.002,0.0045990406282338005,0.002,0.001,4e-06
-0.04685988435,0.04190583387715124,0.002,0.00458255299255063,0.002,0.001,4e-06
-0.04663478932,0.04180087034590623,0.002,0.004566065359617923,0.002,0.001,4e-06
-0.04640969429,0.041695906805906215,0.002,0.004549577725309981,0.002,0.001,4e-06
-0.04618459925,0.04159094324837616,0.002,0.004533090088248428,0.002,0.001,4e-06
-0.04595950422,0.041485979735906224,0.002,0.0045166024582649015,0.002,0.001,4e-06
-0.04573440919,0.04138101619590621,0.002,0.0045001148239569595,0.002,0.001,4e-06
-0.04550931415,0.04127605264715125,0.002,0.0044836271882737954,0.002,0.001,4e-06
-0.045284219120000004,0.04117108910713112,0.002,0.004467139553962694,0.002,0.001,4e-06
-0.04505912408,0.04106612557715123,0.002,0.00445065192122871,0.002,0.001,4e-06
-0.044834029049999995,0.04096116204590622,0.002,0.004434164288296002,0.002,0.001,4e-06
-0.04460893402,0.040856198505906216,0.002,0.004417676653988062,0.002,0.001,4e-06
-0.04438383898,0.04075123495715125,0.002,0.0044011890183048965,0.002,0.001,4e-06
-0.04415874395,0.04064627141713112,0.002,0.004384701383993796,0.002,0.001,4e-06
-0.043933648920000005,0.040541307895906216,0.002,0.004368213752635042,0.002,0.001,4e-06
-0.043708553879999994,0.04043634434715124,0.002,0.004351726116951874,0.002,0.001,4e-06
-0.04348345885,0.04033138081590622,0.002,0.004335238484019165,0.002,0.001,4e-06
-0.04325836382,0.04022641727590623,0.002,0.004318750849711227,0.002,0.001,4e-06
-0.04303326878,0.040121453718376145,0.002,0.004302263212649669,0.002,0.001,4e-06
-0.042808173750000005,0.04001649020590622,0.002,0.004285775582666143,0.002,0.001,4e-06
-0.04258307872,0.03991152666590622,0.002,0.004269287948358205,0.002,0.001,4e-06
-0.042357983679999996,0.03980656311715124,0.002,0.004252800312675039,0.002,0.001,4e-06
-0.04213288865,0.039701599585906217,0.002,0.004236312679742327,0.002,0.001,4e-06
-0.04190779362,0.03959663603713112,0.002,0.004219825044055999,0.002,0.001,4e-06
-0.041682698580000004,0.03949167250715124,0.002,0.004203337411322018,0.002,0.001,4e-06
-0.04145760355,0.03938670897590622,0.002,0.004186849778389307,0.002,0.001,4e-06
-0.04123250852,0.03928174543590623,0.002,0.00417036214408137,0.002,0.001,4e-06
-0.04100741348,0.039176781878376137,0.002,0.00415387450701981,0.002,0.001,4e-06
-0.04078231845,0.03907181836590623,0.002,0.004137386877036288,0.002,0.001,4e-06
-0.040557223419999996,0.038966854825906214,0.002,0.004120899242728347,0.002,0.001,4e-06
-0.04033212838,0.038861891277151256,0.002,0.004104411607045183,0.002,0.001,4e-06
-0.04010703335,0.03875692774590623,0.002,0.0040879239741124715,0.002,0.001,4e-06
-0.039881938320000004,0.038651964197131114,0.002,0.004071436338426141,0.002,0.001,4e-06
-0.03965684328,0.03854700066715125,0.002,0.00405494870569216,0.002,0.001,4e-06
-0.039431748249999996,0.03844203713590622,0.002,0.00403846107275945,0.002,0.001,4e-06
-0.03920665322,0.03833707359590622,0.002,0.00402197343845151,0.002,0.001,4e-06
-0.03898155818,0.038232110047151255,0.002,0.0040054858027683445,0.002,0.001,4e-06
-0.03875646315,0.03812714650713112,0.002,0.0039889981684572435,0.002,0.001,4e-06
-0.038531368120000006,0.038022182985906226,0.002,0.003972510537098491,0.002,0.001,4e-06
-0.038306273079999995,0.037917219437151234,0.002,0.003956022901415321,0.002,0.001,4e-06
-0.03808117805,0.037812255905906214,0.002,0.003939535268482612,0.002,0.001,4e-06
-0.03785608302,0.037707292365906225,0.002,0.003923047634174674,0.002,0.001,4e-06
-0.03763098798,0.037602328808376134,0.002,0.003906559997113115,0.002,0.001,4e-06
-0.037405892950000005,0.03749736529590623,0.002,0.003890072367129593,0.002,0.001,4e-06
-0.03718079792,0.03739240175590622,0.002,0.0038735847328216534,0.002,0.001,4e-06
-0.036955702879999996,0.03728743820715123,0.002,0.003857097097138484,0.002,0.001,4e-06
-0.03673060785,0.03718247466713112,0.002,0.003840609462827386,0.002,0.001,4e-06
-0.03650551282,0.037077511145906225,0.002,0.0038241218314686333,0.002,0.001,4e-06
-0.03628041778,0.03697254759715123,0.002,0.003807634195785463,0.002,0.001,4e-06
-0.03605532275,0.03686758406590623,0.002,0.003791146562852756,0.002,0.001,4e-06
-0.03583022772,0.03676262052590622,0.002,0.003774658928544815,0.002,0.001,4e-06
-0.03560513268,0.03665765696837614,0.002,0.003758171291483259,0.002,0.001,4e-06
-0.03538003765,0.03655269345590623,0.002,0.003741683661499736,0.002,0.001,4e-06
-0.035154942609999996,0.036447729907151234,0.002,0.003725196025816565,0.002,0.001,4e-06
-0.03492984758,0.03634276637590623,0.002,0.003708708392883858,0.002,0.001,4e-06
-0.03470475255,0.03623780283590622,0.002,0.003692220758575917,0.002,0.001,4e-06
-0.034479657510000004,0.03613283927837615,0.002,0.0036757331215143615,0.002,0.001,4e-06
-0.03425456248,0.03602787576590622,0.002,0.003659245491530836,0.002,0.001,4e-06
-0.034029467449999996,0.03592291222590621,0.002,0.003642757857222896,0.002,0.001,4e-06
-0.03380437241,0.035817948677151254,0.002,0.003626270221539732,0.002,0.001,4e-06
-0.03357927738,0.03571298514590623,0.002,0.0036097825886070205,0.002,0.001,4e-06
-0.033354182350000004,0.03560802159713111,0.002,0.0035932949529206898,0.002,0.001,4e-06
-0.03312908731,0.03550305806715125,0.002,0.00357680732018671,0.002,0.001,4e-06
-0.032903992279999995,0.03539809453590621,0.002,0.003560319687253998,0.002,0.001,4e-06
-0.03267889725,0.03529313099590623,0.002,0.003543832052946062,0.002,0.001,4e-06
-0.03245380221,0.03518816743837615,0.002,0.003527344415884504,0.002,0.001,4e-06
-0.03222870718,0.03508320392590622,0.002,0.0035108567859009785,0.002,0.001,4e-06
-0.03200361215,0.034978240385906224,0.002,0.003494369151593041,0.002,0.001,4e-06
-0.03177851711,0.03487327683715125,0.002,0.0034778815159098734,0.002,0.001,4e-06
-0.03155342208,0.03476831330590621,0.002,0.0034613938829771602,0.002,0.001,4e-06
-0.03132832705,0.03466334975713113,0.002,0.0034449062472908347,0.002,0.001,4e-06
-0.03110323201,0.03455838622715124,0.002,0.0034284186145568506,0.002,0.001,4e-06
-0.030878136980000002,0.034453422695906226,0.002,0.003411930981624142,0.002,0.001,4e-06
-0.030653041949999998,0.034348459155906216,0.002,0.0033954433473162016,0.002,0.001,4e-06
-0.03042794691,0.03424349560715124,0.002,0.003378955711633034,0.002,0.001,4e-06
-0.03020285188,0.03413853206713112,0.002,0.003362468077321935,0.002,0.001,4e-06
-0.02997775685,0.034033568545906216,0.002,0.0033459804459631814,0.002,0.001,4e-06
-0.02975266181,0.03392860499715125,0.002,0.0033294928102800157,0.002,0.001,4e-06
-0.02952756678,0.033823641465906225,0.002,0.0033130051773473043,0.002,0.001,4e-06
-0.02930247175,0.03371867791713111,0.002,0.0032965175416609744,0.002,0.001,4e-06
-0.02907737671,0.03361371438715125,0.002,0.0032800299089269956,0.002,0.001,4e-06
-0.02885228168,0.033508750855906225,0.002,0.003263542275994284,0.002,0.001,4e-06
-0.028627186649999997,0.03340378731590621,0.002,0.003247054641686342,0.002,0.001,4e-06
-0.02840209161,0.03329882376715125,0.002,0.003230567006003178,0.002,0.001,4e-06
-0.028176996580000002,0.03319386022713111,0.002,0.0032140793716920763,0.002,0.001,4e-06
-0.027951901549999998,0.03308889670590622,0.002,0.0031975917403333247,0.002,0.001,4e-06
-0.02772680651,0.03298393315715125,0.002,0.003181104104650158,0.002,0.001,4e-06
-0.02750171148,0.03287896962590622,0.002,0.003164616471717446,0.002,0.001,4e-06
-0.02727661645,0.03277400608590623,0.002,0.003148128837409509,0.002,0.001,4e-06
-0.027051521409999998,0.03266904252837614,0.002,0.0031316412003479493,0.002,0.001,4e-06
-0.02682642638,0.03256407901590623,0.002,0.0031151535703644283,0.002,0.001,4e-06
-0.02660133135,0.03245911547590623,0.002,0.003098665936056488,0.002,0.001,4e-06
-0.02637623631,0.03235415192715124,0.002,0.0030821783003733196,0.002,0.001,4e-06
-0.02615114128,0.03224918839590623,0.002,0.003065690667440611,0.002,0.001,4e-06
-0.02592604624,0.032144224838376145,0.002,0.003049203030379053,0.002,0.001,4e-06
-0.02570095121,0.032039261325906225,0.002,0.0030327154003955284,0.002,0.001,4e-06
-0.025475856180000003,0.03193429778590623,0.002,0.00301622776608759,0.002,0.001,4e-06
-0.02525076114,0.031829334237151244,0.002,0.0029997401304044215,0.002,0.001,4e-06
-0.02502566611,0.03172437069713112,0.002,0.0029832524960933214,0.002,0.001,4e-06
-0.02480057108,0.03161940717590622,0.002,0.002966764864734569,0.002,0.001,4e-06
-0.024575476040000002,0.03151444362715125,0.002,0.0029502772290514023,0.002,0.001,4e-06
-0.024350381009999998,0.03140948009590622,0.002,0.00293378959611869,0.002,0.001,4e-06
-0.02412528598,0.03130451655590622,0.002,0.0029173019618107523,0.002,0.001,4e-06
-0.023900190940000003,0.031199552998376144,0.002,0.0029008143247491944,0.002,0.001,4e-06
-0.02367509591,0.031094589485906217,0.002,0.00288432669476567,0.002,0.001,4e-06
-0.023450000880000002,0.030989625945906228,0.002,0.002867839060457733,0.002,0.001,4e-06
-0.02322490584,0.030884662397151243,0.002,0.002851351424774564,0.002,0.001,4e-06
-0.02299981081,0.03077969886590622,0.002,0.0028348637918418533,0.002,0.001,4e-06
-0.02277471578,0.030674735317131115,0.002,0.0028183761561555234,0.002,0.001,4e-06
-0.02254962074,0.030569771787151253,0.002,0.0028018885234215446,0.002,0.001,4e-06
-0.02232452571,0.03046480825590622,0.002,0.0027854008904888324,0.002,0.001,4e-06
-0.02209943068,0.03035984471590622,0.002,0.002768913256180894,0.002,0.001,4e-06
-0.021874335640000003,0.03025488116715125,0.002,0.002752425620497727,0.002,0.001,4e-06
-0.02164924061,0.03014991762713112,0.002,0.002735937986186626,0.002,0.001,4e-06
-0.02142414558,0.03004495410590622,0.002,0.0027194503548278737,0.002,0.001,4e-06
-0.02119905054,0.02993999055715124,0.002,0.0027029627191447053,0.002,0.001,4e-06
-0.02097395551,0.029835027025906218,0.002,0.0026864750862119957,0.002,0.001,4e-06
-0.020748860480000002,0.029730063477131117,0.002,0.0026699874505256667,0.002,0.001,4e-06
-0.020523765439999998,0.029625099947151245,0.002,0.002653499817791686,0.002,0.001,4e-06
-0.02029867041,0.02952013641590622,0.002,0.0026370121848589756,0.002,0.001,4e-06
-0.02007357538,0.02941517287590622,0.002,0.002620524550551036,0.002,0.001,4e-06
-0.01984848034,0.029310209327151244,0.002,0.0026040369148678695,0.002,0.001,4e-06
-0.019623385309999998,0.02920524578713112,0.002,0.0025875492805567685,0.002,0.001,4e-06
-0.01939829028,0.029100282265906222,0.002,0.002571061649198016,0.002,0.001,4e-06
-0.01917319524,0.028995318717151244,0.002,0.0025545740135148485,0.002,0.001,4e-06
-0.01894810021,0.02889035518590622,0.002,0.002538086380582138,0.002,0.001,4e-06
-0.018723005180000002,0.028785391645906228,0.002,0.0025215987462742003,0.002,0.001,4e-06
-0.018497910139999997,0.028680428088376137,0.002,0.0025051111092126415,0.002,0.001,4e-06
-0.01827281511,0.028575464575906224,0.002,0.002488623479229118,0.002,0.001,4e-06
-0.018047720080000003,0.028470501035906225,0.002,0.0024721358449211793,0.002,0.001,4e-06
-0.017822625039999998,0.028365537487151243,0.002,0.002455648209238011,0.002,0.001,4e-06
-0.01759753001,0.02826057395590623,0.002,0.002439160576305302,0.002,0.001,4e-06
-0.01737243498,0.028155610407131118,0.002,0.0024226729406189723,0.002,0.001,4e-06
-0.01714733994,0.028050646877151243,0.002,0.002406185307884991,0.002,0.001,4e-06
-0.01692224491,0.02794568334590622,0.002,0.0023896976749522804,0.002,0.001,4e-06
-0.01669714988,0.027840719805906227,0.002,0.0023732100406443427,0.002,0.001,4e-06
-0.01647205484,0.02773575624837614,0.002,0.002356722403582784,0.002,0.001,4e-06
-0.01624695981,0.02763079273590622,0.002,0.0023402347735992602,0.002,0.001,4e-06
-0.01602186477,0.027525829187151248,0.002,0.0023237471379160927,0.002,0.001,4e-06
-0.01579676974,0.027420865655906224,0.002,0.002307259504983383,0.002,0.001,4e-06
-0.01557167471,0.027315902115906218,0.002,0.002290771870675443,0.002,0.001,4e-06
-0.01534657967,0.02721093855837614,0.002,0.0022742842336138866,0.002,0.001,4e-06
-0.01512148464,0.02710597504590622,0.002,0.002257796603630362,0.002,0.001,4e-06
-0.01489638961,0.027001011505906225,0.002,0.0022413089693224236,0.002,0.001,4e-06
-0.01467129457,0.026896047957151246,0.002,0.002224821333639256,0.002,0.001,4e-06
-0.01444619954,0.02679108442590622,0.002,0.0022083337007065447,0.002,0.001,4e-06
-0.01422110451,0.02668612087713112,0.002,0.0021918460650202157,0.002,0.001,4e-06
-0.01400259602,0.026583348499818426,0.002,0.0021757026177423406,0.002,0.001,4e-06
-0.01378337109,0.026480371778696,0.002,0.0021595270722138916,0.002,0.001,4e-06
-0.01356344093,0.026379044967675954,0.002,0.0021436106939582786,0.002,0.001,4e-06
-0.013342816799999999,0.026279371942316502,0.002,0.0021279540917467626,0.002,0.001,4e-06
-0.013121509980000001,0.02618135657600917,0.002,0.002112557874010261,0.002,0.001,4e-06
-0.0128995318,0.02608500262042442,0.002,0.0020974226300597932,0.002,0.001,4e-06
-0.012676893619999999,0.025990313818059992,0.002,0.0020825489477655276,0.002,0.001,4e-06
-0.01245360682,0.025897293869053616,0.002,0.0020679374083437414,0.002,0.001,4e-06
-0.01222968284,0.025805946402254216,0.002,0.0020535885818126903,0.002,0.001,4e-06
-0.01200513312,0.02571627500225333,0.002,0.0020395030312386946,0.002,0.001,4e-06
-0.01177996916,0.025628283206738746,0.002,0.0020256813123204556,0.002,0.001,4e-06
-0.01155420247,0.02554197446426112,0.002,0.0020121239667550417,0.002,0.001,4e-06
-0.01132784461,0.025457352215487988,0.002,0.001998831535001245,0.002,0.001,4e-06
-0.011100907169999999,0.025374419823688918,0.002,0.001985804545360216,0.002,0.001,4e-06
-0.01087340175,0.025293180563489205,0.002,0.0019730435122088915,0.002,0.001,4e-06
-0.01064533999,0.02521363771732379,0.002,0.0019605489511509474,0.002,0.001,4e-06
-0.01041673355,0.025135794430928064,0.002,0.0019483213563173422,0.002,0.001,4e-06
-0.010187594150000001,0.025059653862636987,0.002,0.0019363612238181725,0.002,0.001,4e-06
-0.0099579335,0.024985219051126325,0.002,0.0019246690309675102,0.002,0.001,4e-06
-0.009727763351,0.024912493020323678,0.002,0.0019132452527627934,0.002,0.001,4e-06
-0.00949709548,0.02484147870488254,0.002,0.0019020903501783138,0.002,0.001,4e-06
-0.00926594169,0.024772178961895028,0.002,0.0018912047720050524,0.002,0.001,4e-06
-0.009034313808,0.024704596635318928,0.002,0.001880588964970853,0.002,0.001,4e-06
-0.008802223684999999,0.024638734458035626,0.002,0.0018702433583557203,0.002,0.001,4e-06
-0.008569683195999999,0.024574595116021492,0.002,0.0018601683740718366,0.002,0.001,4e-06
-0.008336704238999999,0.02451218123681304,0.002,0.0018503644248516705,0.002,0.001,4e-06
-0.008103298734,0.024451495363676558,0.002,0.0018408319101905577,0.002,0.001,4e-06
-0.007869478624,0.024392539991288882,0.002,0.0018315712219514192,0.002,0.001,4e-06
-0.007635255871,0.024335317541283086,0.002,0.0018225827405234886,0.002,0.001,4e-06
-0.007400642461,0.024279830364630117,0.002,0.001813866835196418,0.002,0.001,4e-06
-0.007165650396,0.024226080747470083,0.002,0.0018054238650762567,0.002,0.001,4e-06
-0.006930291701,0.024174070897684353,0.002,0.0017972541769761988,0.002,0.001,4e-06
-0.006694578417,0.024123802975133193,0.002,0.0017893581101663014,0.002,0.001,4e-06
-0.006458522604,0.024075279051183413,0.002,0.001781735990016103,0.002,0.001,4e-06
-0.006222136341,0.024028501139751628,0.002,0.0017743881328708844,0.002,0.001,4e-06
-0.0059854317229999995,0.023983471173660134,0.002,0.0017673148423376622,0.002,0.001,4e-06
-0.005748420860000001,0.023940191025241427,0.002,0.0017605164125217383,0.002,0.001,4e-06
-0.005511115878,0.02389866249724927,0.002,0.0017539931265990105,0.002,0.001,4e-06
-0.00527352892,0.02385888730546978,0.002,0.0017477452540845314,0.002,0.001,4e-06
-0.005035672142,0.023820867118453735,0.002,0.001741773057073646,0.002,0.001,4e-06
-0.004797557712999999,0.023784603508372214,0.002,0.001736076782522408,0.002,0.001,4e-06
-0.004559197818,0.023750097992227055,0.002,0.0017306566687209108,0.002,0.001,4e-06
-0.004320604651,0.02371735201085484,0.002,0.0017255129419952333,0.002,0.001,4e-06
-0.00408179042,0.023686366930121244,0.002,0.0017206458168950558,0.002,0.001,4e-06
-0.003842767344,0.023657144035612705,0.002,0.0017160554953598232,0.002,0.001,4e-06
-0.003603547652,0.0236296845548834,0.002,0.0017117421702132945,0.002,0.001,4e-06
-0.003364143586,0.023603989639706405,0.002,0.0017077060223755613,0.002,0.001,4e-06
-0.0031245673919999997,0.023580060358498918,0.002,0.001703947219673205,0.002,0.001,4e-06
-0.00288483133,0.02355789771279112,0.002,0.0017004659194262183,0.002,0.001,4e-06
-0.0026449476660000003,0.02353750262805869,0.002,0.0016972622670079814,0.002,0.001,4e-06
-0.002404928673,0.023518875958409735,0.002,0.0016943363965814815,0.002,0.001,4e-06
-0.0021647866310000002,0.023502018482204488,0.002,0.001691688430411258,0.002,0.001,4e-06
-0.001924533828,0.023486930904845733,0.002,0.0016893184793017211,0.002,0.001,4e-06
-0.0016841825560000002,0.023473613850525044,0.002,0.0016872266413006545,0.002,0.001,4e-06
-0.0014437451130000002,0.02346206787155356,0.002,0.0016854130031648891,0.002,0.001,4e-06
-0.001203233801,0.023452293462850812,0.002,0.001683877642636202,0.002,0.001,4e-06
-0.000962660925,0.02344429102142839,0.002,0.0016826206220770285,0.002,0.001,4e-06
-0.000722038795,0.02343806086955354,0.002,0.0016816419921089902,0.002,0.001,4e-06
-0.00048137972200000003,0.023433603272863375,0.002,0.0016809417944582653,0.002,0.001,4e-06
-0.00024069601800000002,0.023430918413627686,0.002,0.0016805200577557277,0.002,0.001,4e-06
0.0,0.023430006395665948,0.002,0.0016803767983093005,0.002,0.001,4e-06
0.00023928844399999998,0.023433438795253607,0.002,0.0016809159583757389,0.002,0.001,4e-06
0.000478390298,0.023444240590553764,0.002,0.001682612700413767,0.002,0.001,4e-06
0.000717119117,0.02346249809947447,0.002,0.0016854805832086737,0.002,0.001,4e-06
0.000955288749,0.023488204414256707,0.002,0.0016895185216922108,0.002,0.001,4e-06
0.0011927134749999998,0.023521350621831645,0.002,0.0016947251158027999,0.002,0.001,4e-06
0.0014292081590000002,0.023561925799286156,0.002,0.0017010986497732602,0.002,0.001,4e-06
0.00166458839,0.02360991725656387,0.002,0.0017086371302541961,0.002,0.001,4e-06
0.001898670625,0.023665310620406593,0.002,0.001717338299499493,0.002,0.001,4e-06
0.002131272333,0.023728090179303947,0.002,0.0017271996895508695,0.002,0.001,4e-06
0.002362212139,0.023798238991569774,0.002,0.0017382186392144883,0.002,0.001,4e-06
0.002591309964,0.023875739320144408,0.002,0.0017503923623595316,0.002,0.001,4e-06
0.002818387163,0.023960572980508285,0.002,0.0017637180025683462,0.002,0.001,4e-06
0.0030432666679999997,0.02405272171317327,0.002,0.0017781926916472426,0.002,0.001,4e-06
0.003265773125,0.0241521677995624,0.002,0.00179381364636866,0.002,0.001,4e-06
0.0034857330310000003,0.024258894494302897,0.002,0.0018105782363755933,0.002,0.001,4e-06
0.003714112424,0.02436704542551726,0.002,0.0018275665449246897,0.002,0.001,4e-06
0.003942557638,0.024468313973853264,0.002,0.0018434737712992944,0.002,0.001,4e-06
0.00417105283,0.024569470287528206,0.002,0.0018593633678945657,0.002,0.001,4e-06
0.004399597951,0.024670514376637778,0.002,0.001875235336296331,0.002,0.001,4e-06
0.004628192953,0.024771446126947986,0.002,0.0018910896585607562,0.002,0.001,4e-06
0.004856837789,0.024872265560601008,0.002,0.0019069263381659273,0.002,0.001,4e-06
0.005085532411,0.024972972620395613,0.002,0.001922745366126695,0.002,0.001,4e-06
0.005314276768,0.025073567268405563,0.002,0.001938546736485621,0.002,0.001,4e-06
0.005543070815,0.02517404943209354,0.002,0.001954330437848568,0.002,0.001,4e-06
0.0057719145010000006,0.025274419121104202,0.002,0.0019700964717305177,0.002,0.001,4e-06
0.006000807778999999,0.025374676219319624,0.002,0.001985844819891707,0.002,0.001,4e-06
0.0062297506,0.025474820805867455,0.002,0.0020015754947614803,0.002,0.001,4e-06
0.006458742915,0.02557485270518062,0.002,0.0020172884687618244,0.002,0.001,4e-06
0.006687784675,0.025674771984673397,0.002,0.002032983752482149,0.002,0.001,4e-06
0.006916875833,0.025774578512545235,0.002,0.002048661325219272,0.002,0.001,4e-06
0.007146016338,0.025874272341516565,0.002,0.002064321195254501,0.002,0.001,4e-06
0.007375206142,0.025973853366635602,0.002,0.002079963346102046,0.002,0.001,4e-06
0.007604445197,0.0260733215651216,0.002,0.002095587774183517,0.002,0.001,4e-06
0.007833733451999999,0.026172676898989677,0.002,0.0021111944735322623,0.002,0.001,4e-06
0.008063070859,0.026271919325715706,0.002,0.0021267834374686084,0.002,0.001,4e-06
0.008292457368999999,0.02637104883313104,0.002,0.0021423546640811086,0.002,0.001,4e-06
0.008521892932,0.026470065309748093,0.002,0.0021579081358573324,0.002,0.001,4e-06
0.008751377498,0.026568968804574076,0.002,0.0021734438604953145,0.002,0.001,4e-06
0.008980911020000001,0.026667759185947774,0.002,0.0021889618173137624,0.002,0.001,4e-06
0.009210493446,0.026766436533655204,0.002,0.002204462018845432,0.002,0.001,4e-06
0.009440124728,0.026865000670992307,0.002,0.002219944437333715,0.002,0.001,4e-06
0.009669804815999999,0.026963451665341136,0.002,0.0022354090833629596,0.002,0.001,4e-06
0.00989953366,0.02706178941481631,0.002,0.002250855940929047,0.002,0.001,4e-06
0.010129311209999999,0.027160013923516545,0.002,0.002266285010675804,0.002,0.001,4e-06
0.01035913742,0.0272581251310733,0.002,0.0022816962831205597,0.002,0.001,4e-06
0.01058901223,0.027356122980392233,0.002,0.002297089749294958,0.002,0.001,4e-06
0.0108189356,0.027454007460805636,0.002,0.0023124654075233177,0.002,0.001,4e-06
0.01104890748,0.027551778549318527,0.002,0.0023278232541935964,0.002,0.001,4e-06
0.01127892781,0.02764943616881021,0.002,0.0023431632771917033,0.002,0.001,4e-06
0.011508996550000001,0.02774698028159477,0.002,0.002358485470597949,0.002,0.001,4e-06
0.01173911365,0.02784441085469016,0.002,0.002373789829231525,0.002,0.001,4e-06
0.01196927905,0.027941727908942383,0.002,0.002389076356366914,0.002,0.001,4e-06
0.012199492709999999,0.028038931301856963,0.002,0.0024043450296211367,0.002,0.001,4e-06
0.01242975458,0.028136021061254804,0.002,0.002419595853364289,0.002,0.001,4e-06
0.012660064589999999,0.028232997171074168,0.002,0.002434828825073401,0.002,0.001,4e-06
0.012890422720000001,0.028329859511634893,0.002,0.002450043925949155,0.002,0.001,4e-06
0.01312082889,0.028426608129133994,0.002,0.0024652411632481623,0.002,0.001,4e-06
0.013351283069999999,0.028523242930937436,0.002,0.0024804205224195023,0.002,0.001,4e-06
0.0135817852,0.028619763898064667,0.002,0.0024955820004817168,0.002,0.001,4e-06
0.01381233523,0.02871617100995741,0.002,0.002510725594205519,0.002,0.001,4e-06
0.01404293311,0.028812464182821018,0.002,0.002525851290428478,0.002,0.001,4e-06
0.014273578799999999,0.028908643412940055,0.002,0.002540959088566972,0.002,0.001,4e-06
0.01450427223,0.029004708690974247,0.002,0.002556048987153836,0.002,0.001,4e-06
0.01473501335,0.029100659919255208,0.002,0.0025711209708473553,0.002,0.001,4e-06
0.01496580212,0.02919649709398866,0.002,0.0025861750390515255,0.002,0.001,4e-06
0.015196638489999999,0.029292220191840287,0.002,0.0026012111881010026,0.002,0.001,4e-06
0.015427522400000001,0.029387829136191534,0.002,0.00261622940596057,0.002,0.001,4e-06
0.01565845381,0.029483323916238674,0.002,0.0026312296909331836,0.002,0.001,4e-06
0.01588943265,0.029578704495740744,0.002,0.002646212037326125,0.002,0.001,4e-06
0.01612045888,0.02967397081385036,0.002,0.0026611764355815113,0.002,0.001,4e-06
0.01635153245,0.029769122890232185,0.002,0.0026761228887882587,0.002,0.001,4e-06
0.01658265331,0.029864160625055463,0.002,0.002691051381264991,0.002,0.001,4e-06
0.016813821399999998,0.02995908402786735,0.002,0.002705961914511369,0.002,0.001,4e-06
0.01704503667,0.030053893035115492,0.002,0.0027208544785446136,0.002,0.001,4e-06
0.01727629908,0.030148587599835613,0.002,0.002735729065987595,0.002,0.001,4e-06
0.017507608560000002,0.03024316772841221,0.002,0.002750585677843185,0.002,0.001,4e-06
0.017738965069999998,0.030337633370336507,0.002,0.002765424306177486,0.002,0.001,4e-06
0.01797036856,0.030431984449356863,0.002,0.002780244939012917,0.002,0.001,4e-06
0.01820181896,0.03052622100762065,0.002,0.002795047582969973,0.002,0.001,4e-06
0.01843331624,0.030620342945475474,0.002,0.0028098322223952896,0.002,0.001,4e-06
0.018664860340000002,0.030714350216408566,0.002,0.0028245988499826617,0.002,0.001,4e-06
0.018896451209999998,0.03080824286863006,0.002,0.002839347473304916,0.002,0.001,4e-06
0.01912808878,0.030902020773723005,0.002,0.0028540780721903677,0.002,0.001,4e-06
0.01935977302,0.030995683976269797,0.002,0.002868790653642003,0.002,0.001,4e-06
0.01959150387,0.03108923235467372,0.002,0.0028834851985594526,0.002,0.001,4e-06
0.01982328128,0.031182665946922736,0.002,0.002898161712909854,0.002,0.001,4e-06
0.02005510519,0.03127598471303419,0.002,0.0029128201904127437,0.002,0.001,4e-06
0.020286975550000003,0.03136918856394007,0.002,0.0029274606170773534,0.002,0.001,4e-06
0.02051889231,0.031462277501683296,0.002,0.0029420829932245837,0.002,0.001,4e-06
0.020750855420000002,0.03155525152205192,0.002,0.0029566873181928223,0.002,0.001,4e-06
0.02098286482,0.031648110532989326,0.002,0.0029712735775218506,0.002,0.001,4e-06
0.021214920459999998,0.03174085450390278,0.002,0.0029858417664061733,0.002,0.001,4e-06
0.02144702228,0.031833483478986874,0.002,0.0030003918917878604,0.002,0.001,4e-06
0.02167917024,0.03192599733108969,0.002,0.0030149239336939348,0.002,0.001,4e-06
0.021911364290000002,0.032018396068401296,0.002,0.0030294378934108915,0.002,0.001,4e-06
0.022143604360000003,0.03211067964740273,0.002,0.003043933764102786,0.002,0.001,4e-06
0.02237589041,0.032202848034703815,0.002,0.003058411540524701,0.002,0.001,4e-06
0.02260822238,0.03229490123858776,0.002,0.0030728712239777613,0.002,0.001,4e-06
0.022840600210000003,0.032386839135202315,0.002,0.0030873127950073005,0.002,0.001,4e-06
0.02307302386,0.03247866178108228,0.002,0.0031017362624937844,0.002,0.001,4e-06
0.02330549328,0.03257036909467322,0.002,0.0031161416136266723,0.002,0.001,4e-06
0.023538008399999998,0.032661961048243614,0.002,0.003130528844049906,0.002,0.001,4e-06
0.02377056918,0.0327534376085994,0.002,0.003144897948549376,0.002,0.001,4e-06
0.02400317556,0.03284479878367184,0.002,0.003159248928370921,0.002,0.001,4e-06
0.02423582748,0.03293604447589186,0.002,0.0031735817681884278,0.002,0.001,4e-06
0.0244685249,0.033027174674151394,0.002,0.0031878964662570442,0.002,0.001,4e-06
0.02470126776,0.03311818938620659,0.002,0.003202193023795104,0.002,0.001,4e-06
0.02493405601,0.03320908850857051,0.002,0.003216471424546917,0.002,0.001,4e-06
0.02516688959,0.03329987207412386,0.002,0.0032307316736773714,0.002,0.001,4e-06
0.025399768439999998,0.03339054001125738,0.002,0.0032449737599381115,0.002,0.001,4e-06
0.02563269252,0.03348109231874855,0.002,0.003259197683137105,0.002,0.001,4e-06
0.02586566177,0.03357152893730091,0.002,0.0032734034339600843,0.002,0.001,4e-06
0.02609867614,0.033661849820628344,0.002,0.0032875910051364454,0.002,0.001,4e-06
0.02633173557,0.03375205498559462,0.002,0.003301760399315141,0.002,0.001,4e-06
0.02656484001,0.03384214438031783,0.002,0.0033159116083465792,0.002,0.001,4e-06
0.0267979894,0.03393211795504913,0.002,0.003330044624416232,0.002,0.001,4e-06
0.02703118368,0.03402197569499404,0.002,0.0033441594452001885,0.002,0.001,4e-06
0.02726442282,0.034111717577419265,0.002,0.003358256067127509,0.002,0.001,4e-06
0.027497706740000002,0.03420134353555016,0.002,0.003372334479709257,0.002,0.001,4e-06
0.0277310354,0.034290853571595115,0.002,0.0033863946832923264,0.002,0.001,4e-06
0.02796440874,0.034380247626358044,0.002,0.0034004366685782177,0.002,0.001,4e-06
0.028197826710000002,0.034469525729726495,0.002,0.0034144604402616555,0.002,0.001,4e-06
0.02843128924,0.034558687781780846,0.002,0.0034284659826473024,0.002,0.001,4e-06
0.0286647963,0.03464773375950279,0.002,0.003442453292119451,0.002,0.001,4e-06
0.02889834781,0.03473666368714326,0.002,0.0034564223724874304,0.002,0.001,4e-06
0.02913194374,0.034825477464690835,0.002,0.0034703732080414813,0.002,0.001,4e-06
0.029365584009999997,0.0349141751062465,0.002,0.0034843058009965825,0.002,0.001,4e-06
0.029599268590000002,0.03500275657772975,0.002,0.003498220145999379,0.002,0.001,4e-06
0.0298329974,0.03509122183736021,0.002,0.003512116236487027,0.002,0.001,4e-06
0.03006677041,0.0351795708412555,0.002,0.0035259940655664995,0.002,0.001,4e-06
0.03030058754,0.03526780361301315,0.002,0.003539853636944483,0.002,0.001,4e-06
0.03053444875,0.03535592005912691,0.002,0.0035536949359330555,0.002,0.001,4e-06
0.03076835398,0.0354439201759306,0.002,0.0035675179619563306,0.002,0.001,4e-06
0.03100230318,0.035531803952517475,0.002,0.0035813227133010836,0.002,0.001,4e-06
0.03123629629,0.03561957132415033,0.002,0.0035951091797984166,0.002,0.001,4e-06
0.03147033326,0.03570722226998133,0.002,0.00360887735817356,0.002,0.001,4e-06
0.03170441402,0.035794756795999326,0.002,0.00362262724936724,0.002,0.001,4e-06
0.03193853853,0.0358821748400133,0.002,0.003636358843610514,0.002,0.001,4e-06
0.03217270673,0.035969476383003504,0.002,0.003650072137915769,0.002,0.001,4e-06
0.032406918560000005,0.036056661369753044,0.002,0.0036637671236095523,0.002,0.001,4e-06
0.03264117397,0.036143729829194414,0.002,0.0036774438052365717,0.002,0.001,4e-06
0.0328754729,0.036230681656968425,0.002,0.003691102166404124,0.002,0.001,4e-06
0.03310981529,0.03631751690234942,0.002,0.0037047422148522033,0.002,0.001,4e-06
0.0333442011,0.036404235469409046,0.002,0.0037183639355124216,0.002,0.001,4e-06
0.03357863026,0.03649083738410382,0.002,0.003731967332462018,0.002,0.001,4e-06
0.03381310271,0.036577322570984214,0.002,0.0037455523938494063,0.002,0.001,4e-06
0.03404761841,0.03666369105322988,0.002,0.0037591191233156407,0.002,0.001,4e-06
0.0342821773,0.03674994273241485,0.002,0.003772667505400005,0.002,0.001,4e-06
0.034516779309999995,0.03683607766269087,0.002,0.0037861975486086358,0.002,0.001,4e-06
0.034751424399999994,0.03692209576799215,0.002,0.0037997092409931465,0.002,0.001,4e-06
0.03498611251,0.03700799700422894,0.002,0.003813202575627935,0.002,0.001,4e-06
0.03522084358,0.03709378140514596,0.002,0.003826677557813611,0.002,0.001,4e-06
0.03545561755,0.037179448861807414,0.002,0.0038401341704385784,0.002,0.001,4e-06
0.035690434369999996,0.03726499941716528,0.002,0.0038535724202497183,0.002,0.001,4e-06
0.03592529399,0.03735043301168568,0.002,0.003866992297895472,0.002,0.001,4e-06
0.03616019634,0.03743574965030469,0.002,0.0038803938041511938,0.002,0.001,4e-06
0.036395141369999995,0.03752094922844127,0.002,0.0038937769225893355,0.002,0.001,4e-06
0.03663012902,0.03760603179934017,0.002,0.003907141661573561,0.002,0.001,4e-06
0.03686515923000001,0.037690997328096804,0.002,0.003920488015621072,0.002,0.001,4e-06
0.03710023196,0.037775845734955946,0.002,0.003933815972203946,0.002,0.001,4e-06
0.03733534714,0.03786057701991638,0.002,0.003947125531321993,0.002,0.001,4e-06
0.03757050471,0.03794519119630729,0.002,0.003960416695068954,0.002,0.001,4e-06
0.03780570462,0.03802968817532428,0.002,0.003973689449495469,0.002,0.001,4e-06
0.038040946820000004,0.03811406796557617,0.002,0.003986943795953809,0.002,0.001,4e-06
0.03827623124,0.03819833053272378,0.002,0.004000179729049986,0.002,0.001,4e-06
0.03851155783,0.03828247583617458,0.002,0.004013397242407742,0.002,0.001,4e-06
0.03874692653,0.03836650389945829,0.002,0.004026596339723115,0.002,0.001,4e-06
0.03898233728,0.03845041463929996,0.002,0.0040397770079153095,0.002,0.001,4e-06
0.039217790030000005,0.03853420808321754,0.002,0.0040529392513068314,0.002,0.001,4e-06
0.03945328472,0.038617884128948794,0.002,0.00406608305383437,0.002,0.001,4e-06
0.03968882129,0.03870144282325859,0.002,0.00407920842284373,0.002,0.001,4e-06
0.03992439969,0.03878488412650653,0.002,0.004092315352108215,0.002,0.001,4e-06
0.04016001985,0.03886820798010471,0.002,0.004105403832424856,0.002,0.001,4e-06
0.04039568173,0.0389514144012511,0.002,0.004118473866495106,0.002,0.001,4e-06
0.04063138525,0.03903450335135289,0.002,0.00413152544825682,0.002,0.001,4e-06
0.04086713038,0.03911747475105634,0.002,0.004144558565245141,0.002,0.001,4e-06
0.04110291704,0.03920032868147554,0.002,0.004157573230201442,0.002,0.001,4e-06
0.04133874518,0.03928306503095376,0.002,0.004170569425586721,0.002,0.001,4e-06
0.04157461474,0.03936568378832264,0.002,0.0041835471496466615,0.002,0.001,4e-06
0.041810525669999994,0.03944818499047499,0.002,0.004196506408176369,0.002,0.001,4e-06
0.04204647791,0.03953056852190655,0.002,0.004209447183032476,0.002,0.001,4e-06
0.0422824714,0.03961283442840227,0.002,0.00422236948140687,0.002,0.001,4e-06
0.042518506080000004,0.03969498265166682,0.002,0.004235273294142538,0.002,0.001,4e-06
0.04275458189,0.03977701318537902,0.002,0.004248158620246553,0.002,0.001,4e-06
0.04299069878,0.03985892598047512,0.002,0.004261025452011999,0.002,0.001,4e-06
0.043226856689999996,0.03994072105934459,0.002,0.004273873792955806,0.002,0.001,4e-06
0.04346305556,0.04002239834001097,0.002,0.004286703630201141,0.002,0.001,4e-06
0.04369929533,0.04010395785381748,0.002,0.0042995149686713835,0.002,0.001,4e-06
0.04393557594,0.04018539954274316,0.002,0.004312307799252627,0.002,0.001,4e-06
0.04417189734,0.0402667233717824,0.002,0.004325082116446201,0.002,0.001,4e-06
0.044408259469999996,0.040347929363027224,0.002,0.004337837923722311,0.002,0.001,4e-06
0.044644662269999996,0.040429017458593626,0.002,0.004350575211988561,0.002,0.001,4e-06
0.04488110568,0.040509987651966825,0.002,0.0043632939802216095,0.002,0.001,4e-06
0.04511758965,0.04059083991813911,0.002,0.0043759942244932576,0.002,0.001,4e-06
0.045354114099999995,0.04067157420352138,0.002,0.004388675936385746,0.002,0.001,4e-06
0.045590679,0.04075219053916588,0.002,0.00440133912077675,0.002,0.001,4e-06
0.04582728427,0.040832688877102404,0.002,0.004413983770131128,0.002,0.001,4e-06
0.046063929860000005,0.04091306917309164,0.002,0.004426609877499786,0.002,0.001,4e-06
0.04630061572,0.040993331444131184,0.002,0.0044392174455527,0.002,0.001,4e-06
0.04653734177,0.04107347564656415,0.002,0.0044518064674322596,0.002,0.001,4e-06
0.046774107970000006,0.04115350175525131,0.002,0.004464376939189609,0.002,0.001,4e-06
0.04701091426,0.04123340973560167,0.002,0.004476928855391202,0.002,0.001,4e-06
0.04724776057,0.04131319963245899,0.002,0.004489462223081085,0.002,0.001,4e-06
0.04748464685,0.04139287131883103,0.002,0.00450197702231136,0.002,0.001,4e-06
0.04772157304,0.041472424866502204,0.002,0.004514473264357899,0.002,0.001,4e-06
0.04795853908,0.041551860228159467,0.002,0.004526950941788784,0.002,0.001,4e-06
0.048195544910000006,0.04163117733666879,0.002,0.004539410044058627,0.002,0.001,4e-06
0.04843259048,0.04171037624096049,0.002,0.004551850578853385,0.002,0.001,4e-06
0.04866967572,0.04178945685609777,0.002,0.004564272532831218,0.002,0.001,4e-06
0.04890680057,0.04186841920746915,0.002,0.004576675909980144,0.002,0.001,4e-06
0.04914396498,0.041947263256942924,0.002,0.004589060704310447,0.002,0.001,4e-06
0.04938116888,0.04202598896981464,0.002,0.004601426910370767,0.002,0.001,4e-06
0.049618412220000005,0.04210459635355801,0.002,0.004613774529335072,0.002,0.001,4e-06
0.04985569495,0.04218308537459587,0.002,0.004626103555929072,0.002,0.001,4e-06
0.05009301699,0.042261456002586004,0.002,0.004638413985386622,0.002,0.001,4e-06
0.05033037829,0.04233970824054876,0.002,0.004650705818182161,0.002,0.001,4e-06
0.05056777879,0.04241784203613337,0.002,0.004662979046092446,0.002,0.001,4e-06
0.05080521842999999,0.04249585740546267,0.002,0.004675233671650046,0.002,0.001,4e-06
0.051042697160000004,0.042573754287556644,0.002,0.004687469685276245,0.002,0.001,4e-06
0.051280214899999996,0.042651532711420956,0.002,0.004699687091527242,0.002,0.001,4e-06
0.05151777161,0.042729192626331736,0.002,0.004711885882435346,0.002,0.001,4e-06
0.051755367229999995,0.04280673399756513,0.002,0.004724066052546151,0.002,0.001,4e-06
0.05199300169,0.04288415684529169,0.002,0.004736227605028041,0.002,0.001,4e-06
0.05223067493,0.04296146113182653,0.002,0.004748370533961483,0.002,0.001,4e-06
0.0524683869,0.043038646832649886,0.002,0.004760494835494925,0.002,0.001,4e-06
0.05270613754,0.04311571393174422,0.002,0.0047726005071123375,0.002,0.001,4e-06
0.05294392678,0.043192662413035376,0.002,0.0047846875462887965,0.002,0.001,4e-06
0.05318175457,0.043269492247812874,0.002,0.004796755948514472,0.002,0.001,4e-06
0.05341962084,0.04334620344712696,0.002,0.0048088057155251315,0.002,0.001,4e-06
0.05365752554,0.043422795946445346,0.002,0.004820836837184067,0.002,0.001,4e-06
0.053895468610000004,0.04349926976551965,0.002,0.0048328493165938555,0.002,0.001,4e-06
0.054133449990000006,0.04357562487114305,0.002,0.004844843148538384,0.002,0.001,4e-06
0.05437146961,0.04365186124716088,0.002,0.00485681833048008,0.002,0.001,4e-06
0.05460952742,0.04372797886503928,0.002,0.004868774857936856,0.002,0.001,4e-06
0.05484762336,0.04380397773143642,0.002,0.004880712731954577,0.002,0.001,4e-06
0.05508575737,0.04387985781323729,0.002,0.004892631947331548,0.002,0.001,4e-06
0.055323929380000005,0.043955619071481426,0.002,0.004904532497947873,0.002,0.001,4e-06
0.055562139340000004,0.04403126153600986,0.002,0.0049164143884909695,0.002,0.001,4e-06
0.05580038719,0.044106785165081,0.002,0.004928277612404087,0.002,0.001,4e-06
0.05603867287,0.044182189915737566,0.002,0.004940122162939509,0.002,0.001,4e-06
0.05627699631,0.04425747580711487,0.002,0.004951948043103004,0.002,0.001,4e-06
0.05651535746,0.04433264279820214,0.002,0.004963755246452615,0.002,0.001,4e-06
0.05675375626,0.04440769089537564,0.002,0.004975543773989923,0.002,0.001,4e-06
0.05699219265,0.044482620065703436,0.002,0.004987313620541992,0.002,0.001,4e-06
0.057230666560000004,0.04455743031544994,0.002,0.004999064787092833,0.002,0.001,4e-06
0.057469177930000004,0.044632121585192586,0.002,0.005010797264308373,0.002,0.001,4e-06
0.057707726710000004,0.04470669388587177,0.002,0.005022511053907124,0.002,0.001,4e-06
0.05794631284,0.04478114718860107,0.002,0.005034206151351617,0.002,0.001,4e-06
0.05818493625,0.04485548149950533,0.002,0.005045882557603941,0.002,0.001,4e-06
0.05842359689,0.04492969677797803,0.002,0.005057540266285639,0.002,0.001,4e-06
0.058662294690000005,0.045003793033987126,0.002,0.005069179278962473,0.002,0.001,4e-06
0.05890102959,0.04507777023088455,0.002,0.005080799589877779,0.002,0.001,4e-06
0.05913980154,0.04515162834456629,0.002,0.005092401195245307,0.002,0.001,4e-06
0.059378610459999995,0.0452253673886861,0.002,0.0051039840972097825,0.002,0.001,4e-06
0.059617456310000004,0.04529898731521266,0.002,0.005115548288226465,0.002,0.001,4e-06
0.05985633902,0.04537248813771679,0.002,0.005127093770427055,0.002,0.001,4e-06
0.06009525853,0.04544586981973231,0.002,0.005138620538083456,0.002,0.001,4e-06
0.060334214780000006,0.04551913236329549,0.002,0.005150128591515525,0.002,0.001,4e-06
0.06057320771,0.045592275735816465,0.002,0.005161617925604059,0.002,0.001,4e-06
0.060812237250000005,0.04566529994303936,0.002,0.005173088541251343,0.002,0.001,4e-06
0.061051303359999996,0.045738204941169945,0.002,0.005184540431578195,0.002,0.001,4e-06
0.06129040596,0.04581099074713331,0.002,0.0051959735992432,0.002,0.001,4e-06
0.06152954499,0.04588365732093071,0.002,0.005207388037963372,0.002,0.001,4e-06
0.0617687204,0.045956204660775615,0.002,0.0052187837474580836,0.002,0.001,4e-06
0.06200793212,0.046028632741621056,0.002,0.005230160723792967,0.002,0.001,4e-06
0.06224718009,0.04610094158374189,0.002,0.005241518970152785,0.002,0.001,4e-06
0.06248646426,0.04617313111681783,0.002,0.005252858475491659,0.002,0.001,4e-06
0.06272578456,0.04624520138421353,0.002,0.005264179246621287,0.002,0.001,4e-06
0.06296514092000001,0.04631715231935869,0.002,0.005275481273084835,0.002,0.001,4e-06
0.06320453329,0.04638898395088749,0.002,0.0052867645593801475,0.002,0.001,4e-06
0.06344396162,0.046460696234448706,0.002,0.005298029098540551,0.002,0.001,4e-06
0.06368342582,0.046532289186188784,0.002,0.005309274893102323,0.002,0.001,4e-06
0.06392292584999999,0.04660376275582689,0.002,0.005320501935167369,0.002,0.001,4e-06
0.06416246165,0.046675116974214184,0.002,0.005331710229581777,0.002,0.001,4e-06
0.06440203315,0.0467463517787695,0.002,0.005342899766515321,0.002,0.001,4e-06
0.06464164028000001,0.04681746720497511,0.002,0.005354070551541543,0.002,0.001,4e-06
0.064881283,0.04688846319808915,0.002,0.005365222576061613,0.002,0.001,4e-06
0.06512096124,0.046959339770345956,0.002,0.005376355841997292,0.002,0.001,4e-06
0.06536067493,0.047030096911403724,0.002,0.005387470347724098,0.002,0.001,4e-06
0.06560042402,0.047100734603946204,0.002,0.0053985660905219975,0.002,0.001,4e-06
0.06584020845,0.047171252819395264,0.002,0.005409643065901948,0.002,0.001,4e-06
0.06608002814,0.04724165156620807,0.002,0.005420701275192401,0.002,0.001,4e-06
0.06631988305,0.04731193079846415,0.002,0.005431740711180182,0.002,0.001,4e-06
0.06655977311,0.047382090571490974,0.002,0.005442761382556113,0.002,0.001,4e-06
0.06679969826,0.047452130804585074,0.002,0.005453763276643319,0.002,0.001,4e-06
0.06703965843000001,0.04752205151435381,0.002,0.005464746396050483,0.002,0.001,4e-06
0.06727965357,0.04759185268366565,0.002,0.005475710738086584,0.002,0.001,4e-06
0.06751968361,0.04766153430903479,0.002,0.005486656302204078,0.002,0.001,4e-06
0.0677597485,0.0477310963949986,0.002,0.005497583089115692,0.002,0.001,4e-06
0.06799984816,0.047800538864938714,0.002,0.005508491086786242,0.002,0.001,4e-06
0.06823998255,0.047869861794728075,0.002,0.005519380307133822,0.002,0.001,4e-06
0.06848015159000001,0.047939065109539804,0.002,0.00553025073840465,0.002,0.001,4e-06
0.06872035523,0.04800814883375744,0.002,0.005541102384428888,0.002,0.001,4e-06
0.06896059339999999,0.04807711290915954,0.002,0.00555193523606113,0.002,0.001,4e-06
0.06920086603999999,0.04814595740968407,0.002,0.0055627493049155265,0.002,0.001,4e-06
0.06944117309,0.04821468222605685,0.002,0.005573544573827329,0.002,0.001,4e-06
0.06968151449,0.04828328742540194,0.002,0.005584321053340358,0.002,0.001,4e-06
0.06992189018,0.04835177295303669,0.002,0.005595078734865086,0.002,0.001,4e-06
0.07016230009,0.04842013881338874,0.002,0.005605817619097004,0.002,0.001,4e-06
0.07040274417,0.04848838498966227,0.002,0.00561653770339783,0.002,0.001,4e-06
0.07064322233999999,0.04855651148128255,0.002,0.005627238987677286,0.002,0.001,4e-06
0.07088373456,0.04862451828637903,0.002,0.005637921471641546,0.002,0.001,4e-06
0.07112428074999999,0.048692405374849076,0.002,0.005648585150562101,0.002,0.001,4e-06
0.07136486085999999,0.048760172738131005,0.002,0.005659230023094083,0.002,0.001,4e-06
0.07160547482,0.04882782037233106,0.002,0.0056698560886258645,0.002,0.001,4e-06
0.07184612257,0.04889534828521814,0.002,0.005680463348377779,0.002,0.001,4e-06
0.07208680405,0.0489627564552199,0.002,0.005691051798961253,0.002,0.001,4e-06
0.07232751919000001,0.049030044853990325,0.002,0.005701621435923703,0.002,0.001,4e-06
0.07256826794,0.04909721347620992,0.002,0.005712172258429543,0.002,0.001,4e-06
0.07280905024,0.04916426235707926,0.002,0.005722704272008071,0.002,0.001,4e-06
0.07304986601,0.049231191427832034,0.002,0.005733217465857496,0.002,0.001,4e-06
0.0732907152,0.049298000733457,0.002,0.005743711847044638,0.002,0.001,4e-06
0.07353159775,0.04936469022336894,0.002,0.005754187407623586,0.002,0.001,4e-06
0.07377251359,0.04943125990150311,0.002,0.0057646441482124946,0.002,0.001,4e-06
0.07401346267,0.04949770977249516,0.002,0.005775082069539525,0.002,0.001,4e-06
0.07425444491000001,0.049564039824140635,0.002,0.005785501169687609,0.002,0.001,4e-06
0.07449546026000001,0.049630250037001,0.002,0.005795901445603345,0.002,0.001,4e-06
0.07473650865999999,0.049696340403861027,0.002,0.00580628289615337,0.002,0.001,4e-06
0.07497759004,0.04976231091745891,0.002,0.005816645520197004,0.002,0.001,4e-06
0.07521870434,0.04982816158544223,0.002,0.005826989318935523,0.002,0.001,4e-06
0.0754598515,0.049893892407478234,0.002,0.005837314292316658,0.002,0.001,4e-06
0.07570103145,0.04995950332349074,0.002,0.00584762043090367,0.002,0.001,4e-06
0.07594224414,0.050024994380920965,0.002,0.0058579077421486,0.002,0.001,4e-06
0.07618348949,0.050090365535670076,0.002,0.005868176219124423,0.002,0.001,4e-06
0.07642476746,0.05015561681823894,0.002,0.005878425866622208,0.002,0.001,4e-06
0.07666607797000001,0.0502207481875506,0.002,0.005888656678189594,0.002,0.001,4e-06
0.07690742097,0.0502857596561883,0.002,0.005898868655803158,0.002,0.001,4e-06
0.07714879639,0.05035065120888954,0.002,0.005909061797065471,0.002,0.001,4e-06
0.07739020415999999,0.05041542285611383,0.002,0.005919236103619508,0.002,0.001,4e-06
0.07763164423,0.05048007455027066,0.002,0.005929391567989771,0.002,0.001,4e-06
0.07787311654,0.05054460631549405,0.002,0.0059395281939672185,0.002,0.001,4e-06
0.07811462102,0.05060901815431809,0.002,0.00594964598194991,0.002,0.001,4e-06
0.0783561576,0.050673310045714924,0.002,0.0059597449286347935,0.002,0.001,4e-06
0.07859772624,0.05073748199153682,0.002,0.005969825034312825,0.002,0.001,4e-06
0.07883932685,0.05080153396439292,0.002,0.005979886294681458,0.002,0.001,4e-06
0.07908095939000001,0.050865465971140424,0.002,0.005989928710817818,0.002,0.001,4e-06
0.07932262378,0.05092927802273191,0.002,0.005999952284442334,0.002,0.001,4e-06
0.07956431997,0.05099297008984738,0.002,0.006009957010949429,0.002,0.001,4e-06
0.0798060479,0.051056542185587916,0.002,0.006019942892397018,0.002,0.001,4e-06
0.08004780749,0.05111999429464957,0.002,0.006029909926381161,0.002,0.001,4e-06
0.08028959869999999,0.05118332641618818,0.002,0.00603985811276926,0.002,0.001,4e-06
0.08053142144,0.05124653852272247,0.002,0.006049787447244562,0.002,0.001,4e-06
0.08077327567,0.05130963066212642,0.002,0.006059697937327097,0.002,0.001,4e-06
0.08101516132,0.05137260276001132,0.002,0.006069589571331914,0.002,0.001,4e-06
0.08125707833,0.05143545486517129,0.002,0.006079462356923575,0.002,0.001,4e-06
0.08149902663,0.05149818696953695,0.002,0.006089316292834544,0.002,0.001,4e-06
0.08174100616,0.05156079902932856,0.002,0.0060991513721879165,0.002,0.001,4e-06
0.08198301686000001,0.05162329108541747,0.002,0.00610896760140375,0.002,0.001,4e-06
0.08222505866999999,0.05168566310676953,0.002,0.006118764975607208,0.002,0.001,4e-06
0.08246713152,0.05174791508579601,0.002,0.0061285434936062585,0.002,0.001,4e-06
0.08270923535,0.051810047050149494,0.002,0.006138303159744559,0.002,0.001,4e-06
0.08295137009,0.051872058951293744,0.002,0.006148043966398056,0.002,0.001,4e-06
0.08319353569,0.051933950844750595,0.002,0.006157765922288094,0.002,0.001,4e-06
0.08343573209,0.051995722651611176,0.002,0.006167469015019703,0.002,0.001,4e-06
0.08367795921,0.05205737442777854,0.002,0.006177153253374111,0.002,0.001,4e-06
0.08392021699999999,0.05211890615486317,0.002,0.0061868186344627,0.002,0.001,4e-06
0.08416250539,0.05218031781759489,0.002,0.006196465155886835,0.002,0.001,4e-06
0.08440482432,0.05224160942327183,0.002,0.006206092818792903,0.002,0.001,4e-06
0.08464717373000001,0.052302780951473546,0.002,0.006215701619973273,0.002,0.001,4e-06
0.08488955355,0.052363832434706006,0.002,0.006225291564533967,0.002,0.001,4e-06
0.08513196373,0.05242476383734477,0.002,0.006234862646879108,0.002,0.001,4e-06
0.08537440419,0.05248557517682321,0.002,0.0062444148697471304,0.002,0.001,4e-06
0.08561687488,0.052546266445228376,0.002,0.006253948231895066,0.002,0.001,4e-06
0.08585937572999999,0.052606837627293755,0.002,0.006263462730924858,0.002,0.001,4e-06
0.08610190667999999,0.05266728873025001,0.002,0.006272958367972297,0.002,0.001,4e-06
0.08634446767,0.05272761975380079,0.002,0.00628243514299083,0.002,0.001,4e-06
0.08658705863,0.05278783070012535,0.002,0.006291893056322778,0.002,0.001,4e-06
0.08682967951000001,0.052847921563968905,0.002,0.006301332107142716,0.002,0.001,4e-06
0.08707233023000001,0.05290789233252284,0.002,0.0063107522934386755,0.002,0.001,4e-06
0.08731501073,0.05296774303038072,0.002,0.006320153619073803,0.002,0.001,4e-06
0.08755772096,0.05302747360515779,0.002,0.006329536075819519,0.002,0.001,4e-06
0.08780046084,0.05308708412336527,0.002,0.006338899674123382,0.002,0.001,4e-06
0.08804323032000001,0.05314657453781711,0.002,0.006348244406573429,0.002,0.001,4e-06
0.08828602934,0.05320594486052169,0.002,0.006357570275055928,0.002,0.001,4e-06
0.08852885782,0.05326519507619173,0.002,0.006366877277169556,0.002,0.001,4e-06
0.08877171570999999,0.05332432520691656,0.002,0.006376165416384104,0.002,0.001,4e-06
0.08901460294,0.05338333524737923,0.002,0.006385434691864382,0.002,0.001,4e-06
0.08925751945,0.05344222517518305,0.002,0.0063946851000923274,0.002,0.001,4e-06
0.08950046518,0.05350099501949935,0.002,0.006403916645650163,0.002,0.001,4e-06
0.08974344006,0.053559644752967865,0.002,0.006413129324240149,0.002,0.001,4e-06
0.08998644403999999,0.05361817439998626,0.002,0.0064223231396946575,0.002,0.001,4e-06
0.09022947704,0.05367658395756483,0.002,0.00643149809154407,0.002,0.001,4e-06
0.09047253899999999,0.053734873401126114,0.002,0.006440654175927768,0.002,0.001,4e-06
0.09071562987,0.05379304273774297,0.002,0.006449791393956754,0.002,0.001,4e-06
0.09095874958,0.05385109199131589,0.002,0.006458909749385308,0.002,0.001,4e-06
0.09120189806000001,0.05390902113237017,0.002,0.006468009237583552,0.002,0.001,4e-06
0.09144507525000001,0.05396683018744774,0.002,0.006477089862720683,0.002,0.001,4e-06
0.09168828109999999,0.0540245191444378,0.002,0.006486151622894348,0.002,0.001,4e-06
0.09193151552,0.054082088012092876,0.002,0.006495194519479379,0.002,0.001,4e-06
0.09217477848,0.054139536757137036,0.002,0.006504218547248813,0.002,0.001,4e-06
0.09241806989,0.05419686544116597,0.002,0.006513223715878078,0.002,0.001,4e-06
0.09266138969,0.0542540739993272,0.002,0.006522210015180167,0.002,0.001,4e-06
0.09290473783,0.05431116248687674,0.002,0.0065311774538346756,0.002,0.001,4e-06
0.09314811424,0.05436813086969627,0.002,0.006540126026482311,0.002,0.001,4e-06
0.09339151886000001,0.05442497917407888,0.002,0.006549055737253185,0.002,0.001,4e-06
0.09363495161999999,0.05448170737318726,0.002,0.006557966581931699,0.002,0.001,4e-06
0.09387841246,0.054538315512572884,0.002,0.006566858567673061,0.002,0.001,4e-06
0.09412190132,0.05459480353463975,0.002,0.006575731685430115,0.002,0.001,4e-06
0.09436541812999999,0.05465117147923155,0.002,0.006584585941461494,0.002,0.001,4e-06
0.09460896282999999,0.05470741935384407,0.002,0.0065934213369446305,0.002,0.001,4e-06
0.09485253536,0.05476354714890831,0.002,0.006602237870376431,0.002,0.001,4e-06
0.09509613566,0.05481955484493927,0.002,0.006611035538696198,0.002,0.001,4e-06
0.09533976364999999,0.05487544249354654,0.002,0.0066198143500107495,0.002,0.001,4e-06
0.09558341929,0.054931210048338945,0.002,0.006628574297032973,0.002,0.001,4e-06
0.0958271025,0.054986857545857325,0.002,0.0066373153855026935,0.002,0.001,4e-06
0.09607081322000001,0.05504238497241283,0.002,0.00664603761326967,0.002,0.001,4e-06
0.09631455139,0.05509779232774083,0.002,0.006654740980292333,0.002,0.001,4e-06
0.09655831694,0.0551530796136437,0.002,0.006663425486853801,0.002,0.001,4e-06
0.09680210982,0.05520824686385812,0.002,0.006672091138253419,0.002,0.001,4e-06
0.09704592995,0.05526329404701714,0.002,0.006680737929564079,0.002,0.001,4e-06
0.09728977727999999,0.055318221165780106,0.002,0.006689365861203509,0.002,0.001,4e-06
0.09753365173999999,0.055373028242980474,0.002,0.00669797493675838,0.002,0.001,4e-06
0.09777755327,0.055427715286248375,0.002,0.006706565157427229,0.002,0.001,4e-06
0.09802148180999999,0.055482282267327605,0.002,0.006715136518771583,0.002,0.001,4e-06
0.09826543729,0.055536729215915626,0.002,0.006723689025456307,0.002,0.001,4e-06
0.09850941965,0.05559105613967291,0.002,0.006732222678684709,0.002,0.001,4e-06
0.09875342882,0.05564526301245226,0.002,0.006740737474349593,0.002,0.001,4e-06
0.09899746475,0.055699349876738614,0.002,0.0067492334191244785,0.002,0.001,4e-06
0.09924152737,0.05575331671838018,0.002,0.006757710510786408,0.002,0.001,4e-06
0.09948561662000001,0.055807163516296596,0.002,0.006766168746024086,0.002,0.001,4e-06
0.09972973242000001,0.05586089033947655,0.002,0.0067746081356742285,0.002,0.001,4e-06
0.09997387473000001,0.055914497115670855,0.002,0.006783028668387961,0.002,0.001,4e-06
0.10021804349999999,0.05596798390185704,0.002,0.006791430353115293,0.002,0.001,4e-06
0.1004622386,0.05602135069551324,0.002,0.0067998131894600935,0.002,0.001,4e-06
0.10070646000000001,0.05607459749584365,0.002,0.006808177177297351,0.002,0.001,4e-06
0.10095070769999999,0.056127724288196734,0.002,0.006816522314325613,0.002,0.001,4e-06
0.10119498160000001,0.05618073111009747,0.002,0.006824848606439287,0.002,0.001,4e-06
0.1014396909,0.05623370657457765,0.002,0.00683316997294086,0.002,0.001,4e-06
0.1016839215,0.056286452506932885,0.002,0.006841455284620558,0.002,0.001,4e-06
0.1019281907,0.05633908139451327,0.002,0.006849722210950015,0.002,0.001,4e-06
0.1021724983,0.056391593132592795,0.002,0.006857970735478908,0.002,0.001,4e-06
0.1024168444,0.056443987673702234,0.002,0.006866200850750789,0.002,0.001,4e-06
0.1026612291,0.05649626501793871,0.002,0.006874412556780915,0.002,0.001,4e-06
0.1029056523,0.056548425201987926,0.002,0.006882605859331859,0.002,0.001,4e-06
