Engine x,Engine y,y coolant wall,Channel width,Rib width,Channel height,Chamber wall thickness,Channel area
-0.19,0.045,0.046,0.003,0.0027805304826052195,0.003,0.001,9e-06
-0.1895333474,0.045,0.046,0.0029976525823672143,0.0027828779002380052,0.003,0.001,8.992957747101643e-06
-0.1890666947,0.045,0.046,0.002995305164231395,0.0027852253183738244,0.003,0.001,8.985915492694186e-06
-0.1886000421,0.045,0.046,0.0029929577465986094,0.00278757273600661,0.003,0.001,8.978873239795828e-06
-0.1881333894,0.045,0.046,0.0029906103284627903,0.0027899201541424293,0.003,0.001,8.97183098538837e-06
-0.18766673679999998,0.045,0.046,0.0029882629108300045,0.002792267571775215,0.003,0.001,8.964788732490013e-06
-0.1872000842,0.045,0.046,0.0029859154931972188,0.002794614989408001,0.003,0.001,8.957746479591657e-06
-0.1867334315,0.045,0.046,0.0029835680750613996,0.00279696240754382,0.003,0.001,8.950704225184198e-06
-0.18626677889999999,0.045,0.046,0.002981220657428614,0.0027993098251766057,0.003,0.001,8.943661972285842e-06
-0.1858001262,0.045,0.046,0.0029788732392927947,0.002801657243312425,0.003,0.001,8.936619717878384e-06
-0.1853334736,0.045,0.046,0.002976525821660009,0.0028040046609452106,0.003,0.001,8.929577464980028e-06
-0.1848668209,0.045,0.046,0.00297417840352419,0.0028063520790810297,0.003,0.001,8.922535210572569e-06
-0.1844001683,0.045,0.046,0.002971830985891404,0.0028086994967138155,0.003,0.001,8.915492957674213e-06
-0.1839335157,0.045,0.046,0.0029694835682586183,0.0028110469143466012,0.003,0.001,8.908450704775855e-06
-0.18346686299999998,0.045,0.046,0.002967136150122799,0.0028133943324824204,0.003,0.001,8.901408450368398e-06
-0.18300021039999997,0.045,0.046,0.0029647887324900134,0.002815741750115206,0.003,0.001,8.89436619747004e-06
-0.1825335577,0.045,0.046,0.0029624413143541943,0.0028180891682510253,0.003,0.001,8.887323943062584e-06
-0.1820669051,0.045,0.046,0.0029600938967214085,0.002820436585883811,0.003,0.001,8.880281690164226e-06
-0.1816002525,0.045,0.046,0.0029577464790886228,0.002822784003516597,0.003,0.001,8.873239437265868e-06
-0.18113359980000002,0.045,0.046,0.0029553990609528036,0.002825131421652416,0.003,0.001,8.866197182858411e-06
-0.1806669472,0.045,0.046,0.002953051643320018,0.0028274788392852017,0.003,0.001,8.859154929960054e-06
-0.18020029450000002,0.045,0.046,0.002950704225184199,0.0028298262574210204,0.003,0.001,8.852112675552598e-06
-0.17973364190000002,0.045,0.046,0.002948356807551413,0.0028321736750538066,0.003,0.001,8.845070422654239e-06
-0.1792669893,0.045,0.046,0.002946009389918627,0.0028345210926865923,0.003,0.001,8.838028169755881e-06
-0.1788003366,0.045,0.046,0.002943661971782808,0.0028368685108224115,0.003,0.001,8.830985915348424e-06
-0.178333684,0.045,0.046,0.0029413145541500223,0.0028392159284551972,0.003,0.001,8.823943662450066e-06
-0.1778670313,0.045,0.046,0.002938967136014203,0.0028415633465910164,0.003,0.001,8.81690140804261e-06
-0.1774003787,0.045,0.046,0.0029366197183814174,0.002843910764223802,0.003,0.001,8.809859155144252e-06
-0.176933726,0.045,0.046,0.0029342723002455983,0.0028462581823596213,0.003,0.001,8.802816900736795e-06
-0.1764670734,0.045,0.046,0.0029319248826128125,0.002848605599992407,0.003,0.001,8.795774647838437e-06
-0.1760004208,0.045,0.046,0.0029295774649800268,0.002850953017625193,0.003,0.001,8.788732394940081e-06
-0.17553376810000001,0.045,0.046,0.0029272300468442076,0.002853300435761012,0.003,0.001,8.781690140532622e-06
-0.1750671155,0.045,0.046,0.002924882629211422,0.0028556478533937977,0.003,0.001,8.774647887634266e-06
-0.1746004628,0.045,0.046,0.0029225352110756027,0.002857995271529617,0.003,0.001,8.767605633226808e-06
-0.1741338102,0.045,0.046,0.002920187793442817,0.0028603426891624026,0.003,0.001,8.760563380328452e-06
-0.17366715759999998,0.045,0.046,0.002917840375810031,0.0028626901067951883,0.003,0.001,8.753521127430094e-06
-0.1732005049,0.045,0.046,0.002915492957674212,0.0028650375249310075,0.003,0.001,8.746478873022637e-06
-0.1727338523,0.045,0.046,0.0029131455400414263,0.0028673849425637932,0.003,0.001,8.73943662012428e-06
-0.1722671996,0.045,0.046,0.002910798121905607,0.0028697323606996124,0.003,0.001,8.732394365716822e-06
-0.171800547,0.045,0.046,0.0029084507042728214,0.002872079778332398,0.003,0.001,8.725352112818464e-06
-0.17133389429999998,0.045,0.046,0.0029061032861370023,0.0028744271964682173,0.003,0.001,8.718309858411007e-06
-0.1708672417,0.045,0.046,0.0029037558685042165,0.002876774614101003,0.003,0.001,8.71126760551265e-06
-0.1704005891,0.045,0.046,0.0029014084508714308,0.002879122031733789,0.003,0.001,8.704225352614292e-06
-0.16993393639999999,0.045,0.046,0.0028990610327356116,0.002881469449869608,0.003,0.001,8.697183098206835e-06
-0.16946728379999998,0.045,0.046,0.002896713615102826,0.0028838168675023937,0.003,0.001,8.690140845308477e-06
-0.1690006311,0.045,0.046,0.0028943661969670067,0.002886164285638213,0.003,0.001,8.68309859090102e-06
-0.1685339785,0.045,0.046,0.002892018779334221,0.0028885117032709986,0.003,0.001,8.676056338002663e-06
-0.16806732589999998,0.045,0.046,0.002889671361701435,0.0028908591209037843,0.003,0.001,8.669014085104305e-06
-0.1676006732,0.045,0.046,0.002887323943565616,0.0028932065390396035,0.003,0.001,8.661971830696848e-06
-0.16713402060000002,0.045,0.046,0.0028849765259328303,0.0028955539566723892,0.003,0.001,8.65492957779849e-06
-0.16666736789999997,0.045,0.046,0.002882629107797011,0.0028979013748082084,0.003,0.001,8.647887323391033e-06
-0.16620071530000002,0.045,0.046,0.002880281690164226,0.0029002487924409937,0.003,0.001,8.640845070492677e-06
-0.16573406270000002,0.045,0.046,0.0028779342725314397,0.00290259621007378,0.003,0.001,8.63380281759432e-06
-0.16526741,0.045,0.046,0.0028755868543956205,0.002904943628209599,0.003,0.001,8.626760563186861e-06
-0.1648007574,0.045,0.046,0.0028732394367628348,0.002907291045842385,0.003,0.001,8.619718310288505e-06
-0.1643341047,0.045,0.046,0.002870892018627016,0.0029096384639782035,0.003,0.001,8.612676055881048e-06
-0.1638674521,0.045,0.046,0.00286854460099423,0.0029119858816109897,0.003,0.001,8.60563380298269e-06
-0.16340079940000002,0.045,0.046,0.002866197182858411,0.0029143332997468084,0.003,0.001,8.598591548575233e-06
-0.1629341468,0.045,0.046,0.0028638497652256254,0.002916680717379594,0.003,0.001,8.591549295676877e-06
-0.1624674942,0.045,0.046,0.002861502347592839,0.0029190281350123803,0.003,0.001,8.584507042778518e-06
-0.16200084150000002,0.045,0.046,0.0028591549294570205,0.002921375553148199,0.003,0.001,8.577464788371062e-06
-0.16153418890000001,0.045,0.046,0.0028568075118242343,0.0029237229707809852,0.003,0.001,8.570422535472703e-06
-0.1610675362,0.045,0.046,0.0028544600936884156,0.002926070388916804,0.003,0.001,8.563380281065248e-06
-0.1606008836,0.045,0.046,0.0028521126760556294,0.00292841780654959,0.003,0.001,8.556338028166888e-06
-0.160134231,0.045,0.046,0.0028497652584228437,0.002930765224182376,0.003,0.001,8.54929577526853e-06
-0.1596675783,0.045,0.046,0.0028474178402870245,0.002933112642318195,0.003,0.001,8.542253520861074e-06
-0.1592009257,0.045,0.046,0.0028450704226542388,0.002935460059950981,0.003,0.001,8.535211267962716e-06
-0.158734273,0.045,0.046,0.00284272300451842,0.0029378074780867995,0.003,0.001,8.52816901355526e-06
-0.1582676204,0.045,0.046,0.002840375586885634,0.0029401548957195857,0.003,0.001,8.521126760656901e-06
-0.1578009678,0.045,0.046,0.002838028169252848,0.0029425023133523714,0.003,0.001,8.514084507758545e-06
-0.1573343151,0.045,0.046,0.0028356807511170294,0.00294484973148819,0.003,0.001,8.507042253351088e-06
-0.1568676625,0.045,0.046,0.002833333333484243,0.0029471971491209763,0.003,0.001,8.50000000045273e-06
-0.1564010098,0.045,0.046,0.002830985915348424,0.0029495445672567955,0.003,0.001,8.492957746045272e-06
-0.15593435719999998,0.045,0.046,0.0028286384977156383,0.0029518919848895812,0.003,0.001,8.485915493146916e-06
-0.1554677045,0.045,0.046,0.0028262910795798196,0.0029542394030254,0.003,0.001,8.478873238739459e-06
-0.1550010519,0.045,0.046,0.0028239436619470334,0.002956586820658186,0.003,0.001,8.471830985841101e-06
-0.15453439929999999,0.045,0.046,0.0028215962443142477,0.002958934238290972,0.003,0.001,8.464788732942743e-06
-0.1540677466,0.045,0.046,0.002819248826178429,0.0029612816564267906,0.003,0.001,8.457746478535286e-06
-0.153601094,0.045,0.046,0.0028169014085456428,0.002963629074059577,0.003,0.001,8.450704225636929e-06
-0.15313444129999998,0.045,0.046,0.0028145539904098236,0.002965976492195396,0.003,0.001,8.443661971229472e-06
-0.1526677887,0.045,0.046,0.0028122065727770383,0.0029683239098281813,0.003,0.001,8.436619718331116e-06
-0.15220113610000002,0.045,0.046,0.0028098591551442525,0.002970671327460967,0.003,0.001,8.429577465432758e-06
-0.15173448339999998,0.045,0.046,0.002807511737008433,0.0029730187455967866,0.003,0.001,8.4225352110253e-06
-0.1512678308,0.045,0.046,0.002805164319375647,0.0029753661632295723,0.003,0.001,8.415492958126942e-06
-0.1508011781,0.045,0.046,0.0028028169012398285,0.002977713581365391,0.003,0.001,8.408450703719486e-06
-0.1503345255,0.045,0.046,0.0028004694836070427,0.002980060998998177,0.003,0.001,8.401408450821129e-06
-0.1498678729,0.045,0.046,0.0027981220659742565,0.002982408416630963,0.003,0.001,8.39436619792277e-06
-0.14940122020000002,0.045,0.046,0.002795774647838438,0.0029847558347667817,0.003,0.001,8.387323943515314e-06
-0.1489345676,0.045,0.046,0.002793427230205652,0.0029871032523995675,0.003,0.001,8.380281690616956e-06
-0.1484679149,0.045,0.046,0.002791079812069833,0.0029894506705353866,0.003,0.001,8.3732394362095e-06
-0.14800126230000002,0.045,0.046,0.002788732394437047,0.0029917980881681724,0.003,0.001,8.366197183311142e-06
-0.1475346096,0.045,0.046,0.002786384976301228,0.0029941455063039915,0.003,0.001,8.359154928903685e-06
-0.147067957,0.045,0.046,0.0027840375586684423,0.0029964929239367773,0.003,0.001,8.352112676005327e-06
-0.1466013044,0.045,0.046,0.002781690141035656,0.0029988403415695634,0.003,0.001,8.34507042310697e-06
-0.1461346517,0.045,0.046,0.0027793427228998374,0.003001187759705382,0.003,0.001,8.338028168699512e-06
-0.1456679991,0.045,0.046,0.0027769953052670516,0.003003535177338168,0.003,0.001,8.330985915801154e-06
-0.14520134640000001,0.045,0.046,0.0027746478871312325,0.003005882595473987,0.003,0.001,8.323943661393697e-06
-0.1447346938,0.045,0.046,0.0027723004694984467,0.003008230013106773,0.003,0.001,8.31690140849534e-06
-0.1442680412,0.045,0.046,0.0027699530518656605,0.003010577430739559,0.003,0.001,8.309859155596982e-06
-0.1438013885,0.045,0.046,0.002767605633729842,0.0030129248488753777,0.003,0.001,8.302816901189525e-06
-0.1433347359,0.045,0.046,0.002765258216097056,0.0030152722665081635,0.003,0.001,8.295774648291169e-06
-0.1428680832,0.045,0.046,0.002762910797961237,0.0030176196846439826,0.003,0.001,8.28873239388371e-06
-0.1424014306,0.045,0.046,0.0027605633803284508,0.003019967102276769,0.003,0.001,8.281690140985353e-06
-0.14193477799999998,0.045,0.046,0.002758215962695665,0.0030223145199095545,0.003,0.001,8.274647888086995e-06
-0.1414681253,0.045,0.046,0.0027558685445598463,0.0030246619380453733,0.003,0.001,8.26760563367954e-06
-0.1410014727,0.045,0.046,0.00275352112692706,0.0030270093556781594,0.003,0.001,8.26056338078118e-06
-0.14053482,0.045,0.046,0.0027511737087912414,0.003029356773813978,0.003,0.001,8.253521126373725e-06
-0.1400681674,0.045,0.046,0.0027488262911584556,0.003031704191446764,0.003,0.001,8.246478873475367e-06
-0.13960151469999998,0.045,0.046,0.0027464788730226365,0.003034051609582583,0.003,0.001,8.23943661906791e-06
-0.13913486209999998,0.045,0.046,0.0027441314553898503,0.0030363990272153692,0.003,0.001,8.23239436616955e-06
-0.1386682095,0.045,0.046,0.002741784037757065,0.0030387464448481546,0.003,0.001,8.225352113271195e-06
-0.13820155679999999,0.045,0.046,0.002739436619621246,0.0030410938629839737,0.003,0.001,8.218309858863738e-06
-0.13773490419999998,0.045,0.046,0.0027370892019884597,0.00304344128061676,0.003,0.001,8.211267605965378e-06
-0.1372682515,0.045,0.046,0.002734741783852641,0.0030457886987525786,0.003,0.001,8.204225351557923e-06
-0.1368015989,0.045,0.046,0.002732394366219855,0.0030481361163853644,0.003,0.001,8.197183098659565e-06
-0.1363349463,0.045,0.046,0.0027300469485870694,0.00305048353401815,0.003,0.001,8.190140845761208e-06
-0.1358682936,0.045,0.046,0.0027276995304512503,0.0030528309521539693,0.003,0.001,8.18309859135375e-06
-0.13540164100000002,0.045,0.046,0.0027253521128184645,0.003055178369786755,0.003,0.001,8.176056338455393e-06
-0.13493498829999998,0.045,0.046,0.0027230046946826454,0.003057525787922574,0.003,0.001,8.169014084047936e-06
-0.13446833570000002,0.045,0.046,0.0027206572770498596,0.00305987320555536,0.003,0.001,8.161971831149578e-06
-0.134001683,0.045,0.046,0.0027183098589140405,0.003062220623691179,0.003,0.001,8.154929576742121e-06
-0.1335350304,0.045,0.046,0.0027159624412812547,0.003064568041323965,0.003,0.001,8.147887323843764e-06
-0.1330683778,0.045,0.046,0.002713615023648469,0.0030669154589567506,0.003,0.001,8.140845070945408e-06
-0.1326017251,0.045,0.046,0.00271126760551265,0.0030692628770925697,0.003,0.001,8.133802816537949e-06
-0.1321350725,0.045,0.046,0.002708920187879864,0.0030716102947253555,0.003,0.001,8.126760563639593e-06
-0.13166841980000002,0.045,0.046,0.002706572769744045,0.0030739577128611746,0.003,0.001,8.119718309232134e-06
-0.1312017672,0.045,0.046,0.002704225352111259,0.0030763051304939604,0.003,0.001,8.112676056333778e-06
-0.1307351146,0.045,0.046,0.0027018779344784734,0.003078652548126746,0.003,0.001,8.10563380343542e-06
-0.1302684619,0.045,0.046,0.0026995305163426543,0.0030809999662625653,0.003,0.001,8.098591549027964e-06
-0.12980180930000002,0.045,0.046,0.0026971830987098685,0.003083347383895351,0.003,0.001,8.091549296129606e-06
-0.1293351566,0.045,0.046,0.0026948356805740494,0.00308569480203117,0.003,0.001,8.084507041722149e-06
-0.128868504,0.045,0.046,0.0026924882629412636,0.003088042219663956,0.003,0.001,8.077464788823791e-06
-0.1284018514,0.045,0.046,0.002690140845308478,0.0030903896372967417,0.003,0.001,8.070422535925433e-06
-0.1279351987,0.045,0.046,0.0026877934271726587,0.003092737055432561,0.003,0.001,8.063380281517976e-06
-0.1274685461,0.045,0.046,0.002685446009539873,0.0030950844730653466,0.003,0.001,8.056338028619619e-06
-0.1270018934,0.045,0.046,0.002683098591404054,0.0030974318912011657,0.003,0.001,8.049295774212162e-06
-0.1265352408,0.045,0.046,0.002680751173771268,0.0030997793088339515,0.003,0.001,8.042253521313804e-06
-0.1260685881,0.045,0.046,0.002678403755635449,0.0031021267269697706,0.003,0.001,8.035211266906347e-06
-0.12560193549999998,0.045,0.046,0.002676056338002663,0.0031044741446025564,0.003,0.001,8.02816901400799e-06
-0.1251352829,0.045,0.046,0.0026737089203698774,0.003106821562235342,0.003,0.001,8.021126761109632e-06
-0.12466863019999999,0.045,0.046,0.0026713615022340583,0.0031091689803711612,0.003,0.001,8.014084506702175e-06
-0.12420197760000001,0.045,0.046,0.0026690140846012725,0.003111516398003947,0.003,0.001,8.007042253803819e-06
-0.1237353249,0.045,0.046,0.0026666666664654534,0.003113863816139766,0.003,0.001,7.99999999939636e-06
-0.1232686723,0.045,0.046,0.0026643192488326676,0.003116211233772552,0.003,0.001,7.992957746498004e-06
-0.1228020197,0.045,0.046,0.002661971831199882,0.0031185586514053377,0.003,0.001,7.985915493599646e-06
-0.122335367,0.045,0.046,0.0026596244130640627,0.003120906069541157,0.003,0.001,7.97887323919219e-06
-0.12186871440000001,0.045,0.046,0.002657276995431277,0.0031232534871739426,0.003,0.001,7.971830986293832e-06
-0.12140206170000001,0.045,0.046,0.002654929577295458,0.0031256009053097617,0.003,0.001,7.964788731886375e-06
-0.1209354091,0.045,0.046,0.002652582159662672,0.0031279483229425475,0.003,0.001,7.957746478988017e-06
-0.1204687565,0.045,0.046,0.0026502347420298863,0.003130295740575333,0.003,0.001,7.950704226089659e-06
-0.1200021038,0.045,0.046,0.002647887323894067,0.0031326431587111524,0.003,0.001,7.943661971682202e-06
-0.1195354512,0.045,0.046,0.0026455399062612814,0.003134990576343938,0.003,0.001,7.936619718783844e-06
-0.1190687985,0.045,0.046,0.0026431924881254623,0.0031373379944797572,0.003,0.001,7.929577464376387e-06
-0.1186021459,0.045,0.046,0.0026408450704926765,0.003139685412112543,0.003,0.001,7.92253521147803e-06
-0.1181354932,0.045,0.046,0.0026384976523568574,0.003142032830248362,0.003,0.001,7.915492957070573e-06
-0.11766884059999999,0.045,0.046,0.0026361502347240716,0.003144380247881148,0.003,0.001,7.908450704172215e-06
-0.11720218800000001,0.045,0.046,0.002633802817091286,0.0031467276655139337,0.003,0.001,7.901408451273857e-06
-0.1167355353,0.045,0.046,0.0026314553989554667,0.003149075083649753,0.003,0.001,7.8943661968664e-06
-0.1162688827,0.045,0.046,0.002629107981322681,0.0031514225012825386,0.003,0.001,7.887323943968043e-06
-0.11580222999999999,0.045,0.046,0.002626760563186862,0.0031537699194183577,0.003,0.001,7.880281689560586e-06
-0.1153355774,0.045,0.046,0.002624413145554076,0.0031561173370511435,0.003,0.001,7.873239436662228e-06
-0.11486892480000001,0.045,0.046,0.0026220657279212903,0.003158464754683929,0.003,0.001,7.866197183763872e-06
-0.11440227210000001,0.045,0.046,0.002619718309785471,0.0031608121728197484,0.003,0.001,7.859154929356413e-06
-0.1139356195,0.045,0.046,0.0026173708921526854,0.003163159590452534,0.003,0.001,7.852112676458057e-06
-0.1134689668,0.045,0.046,0.0026150234740168663,0.0031655070085883532,0.003,0.001,7.845070422050598e-06
-0.1130023142,0.045,0.046,0.0026126760563840805,0.003167854426221139,0.003,0.001,7.838028169152242e-06
-0.1125356616,0.045,0.046,0.0026103286387512948,0.0031702018438539248,0.003,0.001,7.830985916253885e-06
-0.1120690089,0.045,0.046,0.0026079812206154756,0.003172549261989744,0.003,0.001,7.823943661846428e-06
-0.1116023563,0.045,0.046,0.00260563380298269,0.0031748966796225297,0.003,0.001,7.81690140894807e-06
-0.1111357036,0.045,0.046,0.0026032863848468707,0.003177244097758349,0.003,0.001,7.809859154540613e-06
-0.11066905099999999,0.045,0.046,0.002600938967214085,0.0031795915153911346,0.003,0.001,7.802816901642255e-06
-0.1102023983,0.045,0.046,0.002598591549078266,0.0031819389335269537,0.003,0.001,7.795774647234798e-06
-0.1097357457,0.045,0.046,0.00259624413144548,0.0031842863511597395,0.003,0.001,7.78873239433644e-06
-0.1092690931,0.045,0.046,0.0025938967138126943,0.003186633768792525,0.003,0.001,7.781690141438083e-06
-0.10880244039999999,0.045,0.046,0.002591549295676875,0.0031889811869283444,0.003,0.001,7.774647887030626e-06
-0.1083357878,0.045,0.046,0.0025892018780440894,0.00319132860456113,0.003,0.001,7.767605634132268e-06
-0.1078691351,0.045,0.046,0.0025868544599082703,0.0031936760226969492,0.003,0.001,7.760563379724811e-06
-0.10740248250000001,0.045,0.046,0.0025845070422754845,0.003196023440329735,0.003,0.001,7.753521126826454e-06
-0.1069358299,0.045,0.046,0.0025821596246426988,0.0031983708579625208,0.003,0.001,7.746478873928096e-06
-0.1064691772,0.045,0.046,0.0025798122065068796,0.00320071827609834,0.003,0.001,7.739436619520639e-06
-0.1060025246,0.045,0.046,0.002577464788874094,0.0032030656937311257,0.003,0.001,7.732394366622281e-06
-0.10553587190000001,0.045,0.046,0.0025751173707382747,0.003205413111866945,0.003,0.001,7.725352112214824e-06
-0.1050692193,0.045,0.046,0.002572769953105489,0.0032077605294997306,0.003,0.001,7.718309859316466e-06
-0.1046025667,0.045,0.046,0.0025704225354727032,0.0032101079471325163,0.003,0.001,7.71126760641811e-06
-0.104135914,0.045,0.046,0.002568075117336884,0.0032124553652683355,0.003,0.001,7.704225352010652e-06
-0.10366926139999999,0.045,0.046,0.0025657276997040983,0.003214802782901121,0.003,0.001,7.697183099112296e-06
-0.1032026087,0.045,0.046,0.002563380281568279,0.0032171502010369404,0.003,0.001,7.690140844704837e-06
-0.1027359561,0.045,0.046,0.0025610328639354934,0.003219497618669726,0.003,0.001,7.683098591806481e-06
-0.1022693034,0.045,0.046,0.0025586854457996743,0.0032218450368055452,0.003,0.001,7.676056337399022e-06
-0.10180265079999999,0.045,0.046,0.0025563380281668885,0.003224192454438331,0.003,0.001,7.669014084500666e-06
-0.1013359982,0.045,0.046,0.0025539906105341028,0.0032265398720711168,0.003,0.001,7.661971831602309e-06
-0.1008693455,0.045,0.046,0.0025516431923982836,0.003228887290206936,0.003,0.001,7.654929577194852e-06
-0.1004026929,0.045,0.046,0.002549295774765498,0.0032312347078397217,0.003,0.001,7.647887324296494e-06
-0.09993604024,0.045,0.046,0.0025469483568308924,0.003233582125774327,0.003,0.001,7.640845070492677e-06
-0.0994693876,0.045,0.046,0.002544600938996893,0.0032359295436083266,0.003,0.001,7.63380281699068e-06
-0.09900273495999999,0.045,0.046,0.002542253521162894,0.0032382769614423255,0.003,0.001,7.626760563488683e-06
-0.09853608231,0.045,0.046,0.0025399061032785916,0.003240624379326628,0.003,0.001,7.619718309835775e-06
-0.09806942967,0.045,0.046,0.0025375586854445922,0.0032429717971606273,0.003,0.001,7.612676056333777e-06
-0.09760277703,0.045,0.046,0.0025352112676105933,0.0032453192149946263,0.003,0.001,7.60563380283178e-06
-0.09713612439000001,0.045,0.046,0.0025328638497765944,0.003247666632828625,0.003,0.001,7.598591549329783e-06
-0.09666947175,0.045,0.046,0.002530516431942595,0.0032500140506626246,0.003,0.001,7.591549295827785e-06
-0.09620281910999999,0.045,0.046,0.002528169014108596,0.0032523614684966235,0.003,0.001,7.584507042325788e-06
-0.09573616647,0.045,0.046,0.0025258215962745967,0.003254708886330623,0.003,0.001,7.57746478882379e-06
-0.09526951383,0.045,0.046,0.0025234741784405977,0.003257056304164622,0.003,0.001,7.570422535321793e-06
-0.09480286117999999,0.045,0.046,0.0025211267605562953,0.0032594037220489242,0.003,0.001,7.563380281668886e-06
-0.09433620854000001,0.045,0.046,0.0025187793427222964,0.003261751139882923,0.003,0.001,7.5563380281668895e-06
-0.0938695559,0.045,0.046,0.002516431924888297,0.0032640985577169226,0.003,0.001,7.549295774664891e-06
-0.09340290326,0.045,0.046,0.002514084507054298,0.0032664459755509215,0.003,0.001,7.542253521162895e-06
-0.09293625062,0.045,0.046,0.0025117370892202987,0.003268793393384921,0.003,0.001,7.535211267660896e-06
-0.09246959798,0.045,0.046,0.0025093896713862997,0.00327114081121892,0.003,0.001,7.5281690141589e-06
-0.09200294534,0.045,0.046,0.002507042253552301,0.0032734882290529187,0.003,0.001,7.521126760656902e-06
-0.09153629270000001,0.045,0.046,0.002504694835718302,0.0032758356468869177,0.003,0.001,7.514084507154906e-06
-0.09106964005,0.045,0.046,0.0025023474178339994,0.00327818306477122,0.003,0.001,7.5070422535019985e-06
-0.09060298741,0.045,0.046,0.0025,0.0032805304826052195,0.003,0.001,7.5e-06
-0.09013633641,0.04499893476,0.045998937365433354,0.0024999063439645015,0.0032804906040427963,0.003,0.001,7.499719031893505e-06
-0.08966969546,0.04499569203,0.04599571617463504,0.0024996224626905646,0.0032803696985428225,0.003,0.001,7.498867388071694e-06
-0.08920307472,0.04499027175,0.04599033921378799,0.002499148663987157,0.003280167808418401,0.003,0.001,7.497445991961471e-06
-0.08873648436,0.04498267405,0.04598280661655717,0.0024984850635261196,0.003279884834794526,0.003,0.001,7.495455190578359e-06
-0.08826993453,0.044972899069999996,0.04597311853134447,0.002497631819916981,0.003279520637710402,0.003,0.001,7.492895459750943e-06
-0.0878034354,0.04496094704,0.04596127519605708,0.0024965891412769684,0.0032790750389451004,0.003,0.001,7.489767423830905e-06
-0.08733699712000001,0.04494681822,0.04594727688313215,0.0024953572803660205,0.003278547819974144,0.003,0.001,7.486071841098062e-06
-0.08687062985,0.04493051292,0.04593112391662101,0.0024939365360653752,0.0032779387226377853,0.003,0.001,7.481809608196126e-06
-0.08640434375,0.04491203148,0.04591281665454958,0.002492327251795804,0.0032772474485061186,0.003,0.001,7.476981755387412e-06
-0.08593814897,0.044891374319999997,0.04589235553324682,0.002490529819379099,0.003276473660588064,0.003,0.001,7.471589458137297e-06
-0.08547205565999999,0.04486854188,0.04586974101645043,0.0024885446745227,0.003275616981451183,0.003,0.001,7.4656340235681e-06
-0.08500607397,0.04484353466,0.045844973626801434,0.0024863722995427345,0.0032746769944563534,0.003,0.001,7.459116898628204e-06
-0.08454021406,0.04481635321,0.045818053940172646,0.0024840132228137095,0.0032736532435953805,0.003,0.001,7.452039668441129e-06
-0.08407448606,0.04478699811,0.04578898256716553,0.0024814680170926256,0.0032725452328417077,0.003,0.001,7.4444040512778774e-06
-0.08360890011,0.044755470000000006,0.04575776017740236,0.002478737301589219,0.0032713524271328143,0.003,0.001,7.436211904767657e-06
-0.08314346636,0.04472176958,0.045724387502490034,0.002475821742156066,0.003270074252552559,0.003,0.001,7.427465226468199e-06
-0.08267819495,0.04468589758,0.045688865310743086,0.0024727220490083184,0.003268710095435042,0.003,0.001,7.418166147024955e-06
-0.08221309599,0.04464785477,0.045651194411544,0.00246943897703581,0.0032672593026004323,0.003,0.001,7.40831693110743e-06
-0.08174817963,0.044607641989999995,0.045611375682412116,0.002465973328083647,0.0032657211824759546,0.003,0.001,7.397919984250941e-06
-0.08128345598,0.044565260100000004,0.04556941003106671,0.002462325947562685,0.0032640950037181237,0.003,0.001,7.3869778426880555e-06
-0.08081893517000001,0.044520710049999995,0.045525298445343955,0.00245849772870208,0.003262379997232936,0.003,0.001,7.37549318610624e-06
-0.08035462731,0.044473992780000006,0.04547904192472441,0.0024544896065073056,0.0032605753536133516,0.003,0.001,7.363468819521917e-06
-0.07989054251000001,0.04442510933,0.04543064154902852,0.0024503025636261897,0.0032586802259057792,0.003,0.001,7.350907690878569e-06
-0.07942669088,0.04437406076,0.04538009843736572,0.0024459376266821355,0.0032566937281182564,0.003,0.001,7.337812880046407e-06
-0.07896308252,0.044320848169999996,0.045327413747321174,0.0024413958661040017,0.003254614935288366,0.003,0.001,7.324187598312006e-06
-0.07849972751999999,0.04426547273,0.04527258870159219,0.002436678398312739,0.0032524428846438325,0.003,0.001,7.310035194938217e-06
-0.07803663598,0.04420793564,0.045215624565778066,0.002431786383686438,0.003250176574846464,0.003,0.001,7.2953591510593146e-06
-0.07757381798,0.04414823816,0.04515652265954863,0.0024267210274005026,0.003247814966555458,0.003,0.001,7.280163082201508e-06
-0.07711128359,0.04408638158,0.045095284343481534,0.0024214835781727765,0.0032453569820281997,0.003,0.001,7.26445073451833e-06
-0.07664904289999999,0.04402236725,0.045031911033748144,0.00241607532939245,0.003242801505836843,0.003,0.001,7.24822598817735e-06
-0.07618710596,0.043956196579999995,0.044966404206284616,0.002410497619333581,0.0032401473851789353,0.003,0.001,7.231492858000743e-06
-0.07572548284,0.04388787098,0.044898765360609445,0.0024047518279344303,0.00323739342855127,0.003,0.001,7.214255483803291e-06
-0.07526418359,0.04381739197,0.04482899607313923,0.0023988393811913986,0.003234538408055796,0.003,0.001,7.196518143574196e-06
-0.07480321825,0.043744761060000005,0.04475709795129533,0.002392761747106462,0.003231581057685066,0.003,0.001,7.178285241319386e-06
-0.07434259686,0.04366997985,0.044683072663284085,0.002386520438060148,0.0032285200746915393,0.003,0.001,7.159561314180444e-06
-0.07388232945999999,0.043593049950000004,0.044606921917032506,0.002380117008871312,0.0032253541188808025,0.003,0.001,7.140351026613936e-06
-0.07342242606,0.043513973049999995,0.0445286474771597,0.0023735530580659154,0.0032220818134754674,0.003,0.001,7.120659174197746e-06
-0.07296289668,0.04343275087,0.04444825116100933,0.002366830227369229,0.0032187017451244066,0.003,0.001,7.100490682107687e-06
-0.07250375133,0.04334938518,0.04436573483049292,0.002359950200849836,0.0032152124637337388,0.003,0.001,7.0798506025495075e-06
-0.072045,0.04326387778,0.044281100387446606,0.0023529147043627233,0.0032116124824402522,0.003,0.001,7.05874411308817e-06
-0.0715866527,0.04317623055,0.04419434979973094,0.0023457255075392197,0.0032079002789012715,0.003,0.001,7.037176522617659e-06
-0.07112871938000001,0.0430864454,0.044105485081591206,0.002338384421959221,0.0032040742946544253,0.003,0.001,7.015153265877663e-06
-0.07067121004,0.04299452426,0.04401450828387449,0.0023308933001595835,0.003200132934879903,0.003,0.001,6.992679900478751e-06
-0.07021413463000001,0.04290046916,0.04392142151811702,0.0023232540374294565,0.0031960745696320266,0.003,0.001,6.969762112288369e-06
-0.06975750311000001,0.04280428214,0.04382622695225145,0.00231546857124416,0.0031918975338659254,0.003,0.001,6.946405713732479e-06
-0.06930132541,0.04270596529,0.04372892678663128,0.002307538879099697,0.003187600126590173,0.003,0.001,6.922616637299091e-06
-0.06884561148,0.042605520749999994,0.04362952327934878,0.0022994669803802995,0.00318318061218078,0.003,0.001,6.898400941140899e-06
-0.06839037124,0.04250295071,0.04352801873653827,0.0022912549353494957,0.0031786372201716043,0.003,0.001,6.873764806048487e-06
-0.0679356146,0.04239825741,0.04342441551919819,0.0022829048454827074,0.003173968145779038,0.003,0.001,6.848714536448122e-06
-0.06748135146,0.04229144311,0.043318716026442786,0.0022744188518939506,0.0031691715493706524,0.003,0.001,6.823256555681852e-06
-0.06702759171,0.04218251016,0.04321092271568052,0.0022657991367368248,0.003164245557599905,0.003,0.001,6.797397410210474e-06
-0.06657434525,0.04207146092,0.04310103810028278,0.0022570479227733585,0.003159188263544328,0.003,0.001,6.771143768320076e-06
-0.06612162193,0.04195829782,0.04298906472868376,0.002248167471472697,0.0031539977259804623,0.003,0.001,6.744502414418091e-06
-0.06566943162,0.0418430233,0.04287500520331183,0.0022391600842862104,0.003148671970487734,0.003,0.001,6.717480252858632e-06
-0.06521778416,0.04172563989,0.042758862170358514,0.002230028101592208,0.0031432089892180657,0.003,0.001,6.690084304776624e-06
-0.06476668938999999,0.04160615014,0.04264063834136606,0.0022207739041425357,0.0031376067421620604,0.003,0.001,6.662321712427607e-06
-0.06431615713,0.041484556660000005,0.0425203364664264,0.0022113999106969755,0.00313186315614668,0.003,0.001,6.634199732090927e-06
-0.06386619719,0.04136086208,0.04239795934350145,0.0022019085785054612,0.003125976125524254,0.003,0.001,6.6057257355163835e-06
-0.06341681938,0.041235069109999994,0.042273509820924295,0.0021923024032410535,0.0031199435125538163,0.003,0.001,6.576907209723161e-06
-0.06296803347,0.04110718048,0.042146990799102814,0.0021825839188619094,0.003113763147753211,0.003,0.001,6.5477517565857285e-06
-0.06251984924,0.04097719899,0.042018405230437664,0.002172755697328753,0.0031074328301713226,0.003,0.001,6.518267091986259e-06
-0.06207227645,0.04084512745,0.041887756112851726,0.0021628203478333934,0.003100950327346444,0.003,0.001,6.488461043500181e-06
-0.061625324849999996,0.04071096874,0.04175504648269492,0.0021527805159909513,0.003094313375222437,0.003,0.001,6.458341547972854e-06
-0.06117900416,0.0405747258,0.04162027944165651,0.002142638885597607,0.0030875196797728894,0.003,0.001,6.427916656792821e-06
-0.06073332412,0.04043640158,0.04148345814774504,0.0021323981776369813,0.003080566916861237,0.003,0.001,6.397194532910944e-06
-0.06028829442,0.04029599909,0.041344585776580345,0.0021220611470995575,0.003073452730557157,0.003,0.001,6.366183441298673e-06
-0.05984392475,0.0401535214,0.041203665577094616,0.0021116305868630566,0.0030661747362557873,0.003,0.001,6.33489176058917e-06
-0.0594002248,0.040008971600000005,0.041060700849878506,0.0021011093257524483,0.0030587305198966105,0.003,0.001,6.303327977257345e-06
-0.058957204220000003,0.03986235284,0.04091569492334851,0.0020905002264909123,0.0030511176370176026,0.003,0.001,6.271500679472737e-06
-0.05851487266,0.03971366833,0.040768651198317275,0.0020798061886689308,0.003043333615387,0.003,0.001,6.239418566006792e-06
-0.05807323976,0.03956292129,0.04061957312361903,0.0020690301466237586,0.003035375954060839,0.003,0.001,6.207090439871276e-06
-0.05763231513,0.039410114999999996,0.04046846417176495,0.00205817506738081,0.003027242122382331,0.003,0.001,6.17452520214243e-06
-0.05719210837,0.0392552528,0.04031532788374559,0.0020472439535778614,0.0030189295626876934,0.003,0.001,6.141731860733585e-06
-0.05675262907,0.03909833806,0.04016016785736324,0.002036239842271027,0.0030104356900339845,0.003,0.001,6.108719526813081e-06
-0.0563138868,0.03893937419,0.0400029877251312,0.002025165803035153,0.003001757891321441,0.003,0.001,6.075497409105459e-06
-0.05587589111,0.03877836466,0.03984379116840052,0.0020140249386491785,0.00299289352638334,0.003,0.001,6.042074815947536e-06
-0.05543865154,0.038615312969999996,0.03968258192923131,0.00200282038558171,0.002983839928992217,0.003,0.001,6.00846115674513e-06
-0.055002177619999995,0.03845022267,0.03951936378900723,0.0019915553121506273,0.0029745944060128766,0.003,0.001,5.974665936451882e-06
-0.05456647884,0.03828309736,0.03935414057436707,0.001980232918606224,0.00296515423806464,0.003,0.001,5.940698755818671e-06
-0.054131564699999996,0.03811394068,0.039186916180232095,0.001968856438352228,0.0029555166811940183,0.003,0.001,5.9065693150566835e-06
-0.053697444670000004,0.0379427563,0.03901769453269881,0.0019574291350477452,0.0029456789651097427,0.003,0.001,5.872287405143235e-06
-0.053264128200000004,0.03776954797,0.038846479603635076,0.0019459543032693664,0.002935638294354861,0.003,0.001,5.8378629098080996e-06
-0.05283162472,0.037594319450000004,0.03867327543898477,0.0019344352700337746,0.0029253918503409906,0.003,0.001,5.803305810101324e-06
-0.05239994366,0.037417074550000005,0.03849808611336116,0.0019228753913832978,0.002914936789056809,0.003,0.001,5.768626174149894e-06
-0.05196909441,0.03723781714,0.03832091574326827,0.001911278052931762,0.00290427024218364,0.003,0.001,5.7338341587952865e-06
-0.05153908636,0.03705655112,0.03814176852126345,0.0018996466717198664,0.0028933893195330807,0.003,0.001,5.698940015159599e-06
-0.051109928879999995,0.03687328044,0.0379606486705795,0.0018879846928564845,0.0028822911067033436,0.003,0.001,5.6639540785694534e-06
-0.0506816313,0.03668800908,0.03777756046013879,0.0018762955901418543,0.0028709726663427968,0.003,0.001,5.6288867704255626e-06
-0.05025420295,0.03650074109,0.037592508213153346,0.0018645828662345893,0.0028594310390636715,0.003,0.001,5.593748598703768e-06
-0.049827653140000004,0.036311480529999995,0.03740549631668702,0.0018528500528464682,0.002847663244448893,0.003,0.001,5.558550158539404e-06
-0.04940199117,0.03612023154,0.03721652918212366,0.0018411007078619759,0.002835666278964819,0.003,0.001,5.523302123585928e-06
-0.048977226299999996,0.03592699828,0.03702561129061489,0.001829338417799406,0.002823437119211276,0.003,0.001,5.488015253398218e-06
-0.04855336777,0.03573178495,0.03683274715893212,0.0018175667952780225,0.0028109727201632365,0.003,0.001,5.452700385834068e-06
-0.04813031573,0.0355348293,0.03663789099642913,0.0018057864497341542,0.0027982667181620613,0.003,0.001,5.417359349202463e-06
-0.04770738481,0.03533761338,0.03644099129210103,0.0017939977914643648,0.002785312229847404,0.003,0.001,5.381993374393095e-06
-0.04728445389,0.03514039745,0.03624377537209364,0.0017823063141210026,0.002772220823772119,0.003,0.001,5.346918942363008e-06
-0.04686152296,0.034943181520000005,0.036046559437434005,0.001770731042282041,0.0027590132103511786,0.003,0.001,5.312193126846123e-06
-0.046438592040000004,0.03474596559,0.035849343512093644,0.0017592719773591634,0.0027456893911852486,0.003,0.001,5.27781593207749e-06
-0.046015661119999995,0.034548749659999996,0.03565212758209363,0.0017479291185360174,0.002732249365334038,0.003,0.001,5.243787355608052e-06
-0.0455927302,0.03435153373,0.035454911652093635,0.0017367024660847222,0.0027186931331109787,0.003,0.001,5.210107398254167e-06
-0.04516979927,0.03415431781,0.035257695717441404,0.0017255920197445569,0.002705020694192172,0.003,0.001,5.176776059233671e-06
-0.044746868349999996,0.03395710188,0.03506047980209363,0.0017145977808522062,0.0026912320502514206,0.003,0.001,5.143793342556619e-06
-0.04432393743,0.03375988595,0.03486326387209364,0.001703719747510568,0.002677327198918705,0.003,0.001,5.111159242531704e-06
-0.04390100651,0.03356267002,0.03466604794209363,0.0016929579205407787,0.002663306141214138,0.003,0.001,5.078873761622336e-06
-0.043478075580000004,0.03336545409,0.03446883200743401,0.0016823122996926882,0.002649168876802328,0.003,0.001,5.046936899078065e-06
-0.04305514466,0.03316823817,0.03427161608210103,0.0016717828857171432,0.002634915406689993,0.003,0.001,5.01534865715143e-06
-0.042632213739999994,0.03297102224,0.034074400162093635,0.001661369678387575,0.0026205457306009137,0.003,0.001,4.984109035162725e-06
-0.04220928282,0.03277380631,0.03387718423209364,0.001651072676899293,0.002606059847414841,0.003,0.001,4.95321803069788e-06
-0.04178635189,0.03257659038,0.033679968297434006,0.0016408918815436907,0.0025914577575105414,0.003,0.001,4.922675644631072e-06
-0.04136342097,0.03237937445,0.03348275237209364,0.0016308272930382773,0.0025767394619271465,0.003,0.001,4.892481879114832e-06
-0.04094049005,0.032182158530000005,0.03328553644210103,0.0016208789106659147,0.0025619049596260824,0.003,0.001,4.862636731997744e-06
-0.040517559120000005,0.0319849426,0.03308832051743402,0.0016110467349293312,0.0025469542513584737,0.003,0.001,4.833140204787994e-06
-0.0400946282,0.03178772667,0.03289110459209364,0.0016013307655253373,0.0025318873366736586,0.003,0.001,4.803992296576012e-06
-0.039671697279999994,0.03159051074,0.032693888662093634,0.0015917310022622608,0.002516704215262379,0.003,0.001,4.7751930067867825e-06
-0.03924876636,0.03139329481,0.03249667273209364,0.0015822474453710343,0.0025014048874792503,0.003,0.001,4.746742336113103e-06
-0.03882583543,0.03119607889,0.0322994567974414,0.0015728800946320563,0.0024859893529592565,0.003,0.001,4.718640283896169e-06
-0.03840290451,0.03099886296,0.03210224088209364,0.001563628951170271,0.0024704576135879406,0.003,0.001,4.690886853510813e-06
-0.03797997359,0.03080164703,0.03190502495209364,0.0015544940133887012,0.0024548096666951558,0.003,0.001,4.6634820401661036e-06
-0.03755704267,0.0306044311,0.031707809022093636,0.0015454752819789811,0.0024390455134305202,0.003,0.001,4.636425845936944e-06
-0.03713411174,0.03040721517,0.03151059308743401,0.0015365727567321432,0.0024231651534174573,0.003,0.001,4.60971827019643e-06
-0.03671118082,0.030209999249999998,0.03131337716210103,0.0015277864382754174,0.0024071685877863026,0.003,0.001,4.583359314826252e-06
-0.0362882499,0.03001278332,0.031116161242093633,0.0015191163264175983,0.0023910558162254744,0.003,0.001,4.557348979252795e-06
-0.03586531898,0.02981556739,0.030918945312093635,0.001510562420489385,0.0023748268374793324,0.003,0.001,4.5316872614681555e-06
-0.035442388049999995,0.02961835146,0.030721729377434004,0.001502124720735036,0.00235848165197378,0.003,0.001,4.506374162205108e-06
-0.03501945713,0.02942113553,0.03052451345209364,0.0014938032277485073,0.0023420202608715004,0.003,0.001,4.481409683245522e-06
-0.03459652621,0.0292239196,0.030327297522093635,0.0014855979409358427,0.002325442663009809,0.003,0.001,4.456793822807528e-06
-0.034173595290000004,0.02902670368,0.03013008159210103,0.0014775088604953293,0.002308748858776897,0.003,0.001,4.432526581485988e-06
-0.03375066436,0.028829487749999997,0.029932865667434007,0.0014695359866403858,0.0022919388486276468,0.003,0.001,4.408607959921158e-06
-0.03332773344,0.02863227182,0.029735649742093632,0.0014616793191243808,0.0022750126320548424,0.003,0.001,4.3850379573731425e-06
-0.03290480252,0.02843505589,0.029538433812093635,0.001453938857793223,0.002257970208711645,0.003,0.001,4.361816573379669e-06
-0.0324818716,0.02823783996,0.029341217882093637,0.0014463146028339151,0.0022408115789965986,0.003,0.001,4.338943808501746e-06
-0.03205894067,0.02804062404,0.029144001947441402,0.001438806554070716,0.0022235367425008255,0.003,0.001,4.316419662212148e-06
-0.03163600975,0.02784340811,0.028946786032093635,0.0014314147124027115,0.0022061457013357287,0.003,0.001,4.2942441372081344e-06
-0.03121307883,0.02764619218,0.028749570102093634,0.0014241390765530602,0.002188638452511024,0.003,0.001,4.27241722965918e-06
-0.030790147900000002,0.02744897625,0.02855235416743401,0.0014169796469074756,0.002171014996896708,0.003,0.001,4.250938940722426e-06
-0.030367216979999997,0.02725176032,0.028355138242093635,0.001409936423969307,0.0021532753357460677,0.003,0.001,4.229809271907921e-06
-0.02994428606,0.0270545444,0.028157922312101027,0.0014030094072354623,0.0021354194678064858,0.003,0.001,4.209028221706387e-06
-0.02952135514,0.02685732847,0.027960706392093637,0.0013961985972153542,0.002117447394407947,0.003,0.001,4.188595791646063e-06
-0.02909842421,0.02666011254,0.02776349045743401,0.0013895039930622586,0.0020993591133011418,0.003,0.001,4.168511979186775e-06
-0.02867549329,0.02646289661,0.027566274532093635,0.0013829255955946141,0.0020811546266799766,0.003,0.001,4.148776786783843e-06
-0.02825256237,0.02626568068,0.02736905860209364,0.0013764634043420187,0.002062833933258218,0.003,0.001,4.129390213026056e-06
-0.02782963145,0.02606846476,0.02717184267210103,0.0013701174194615084,0.0020443970334653016,0.003,0.001,4.110352258384525e-06
-0.02740670052,0.02587124883,0.02697462674743401,0.0013638876411194982,0.0020258439278031184,0.003,0.001,4.091662923358494e-06
-0.0269837696,0.0256740329,0.026777410822093634,0.001357774069122378,0.0020071746157114293,0.003,0.001,4.073322207367134e-06
-0.02656083868,0.025476816970000003,0.026580194892093637,0.001351776703351289,0.0019883890968081636,0.003,0.001,4.055330110053867e-06
-0.026137907760000002,0.02527960104,0.026382978962093642,0.00134589554395205,0.001969487371533048,0.003,0.001,4.03768663185615e-06
-0.02571497683,0.02508238511,0.026185763027434004,0.001340130590789824,0.0019504694394353714,0.003,0.001,4.020391772369472e-06
-0.025292045909999998,0.02488516919,0.02598854710210103,0.00133448184426933,0.001931335301867986,0.003,0.001,4.00344553280799e-06
-0.02486911499,0.02468795326,0.02579133118209364,0.0013289493042630165,0.001912084958455653,0.003,0.001,3.98684791278905e-06
-0.02444618407,0.02449073733,0.025594115252093635,0.0013235329703452836,0.00189271840769903,0.003,0.001,3.970598911035851e-06
-0.024023253140000003,0.0242935214,0.02539689931743401,0.0013182328426755473,0.0018732356501088656,0.003,0.001,3.954698528026642e-06
-0.023600322219999997,0.02409630547,0.025199683392093636,0.0013130489216253674,0.0018536366870702363,0.003,0.001,3.939146764876102e-06
-0.0231773913,0.02389908955,0.025002467462101028,0.0013079812068233717,0.0018339215171988053,0.003,0.001,3.923943620470115e-06
-0.02275446038,0.02370187362,0.024805251542093634,0.0013030296986409743,0.0018140901419625558,0.003,0.001,3.909089095922923e-06
-0.022331529450000002,0.02350465769,0.02460803560743401,0.001298194396463727,0.001794142558879902,0.003,0.001,3.894583189391181e-06
-0.02190859853,0.02330744176,0.024410819682093635,0.0012934753008840712,0.0017740787703707486,0.003,0.001,3.880425902652214e-06
-0.021485667610000002,0.02311022583,0.024213603752093634,0.0012888724115633942,0.0017538987750170705,0.003,0.001,3.866617234690183e-06
-0.02106273668,0.02291300991,0.0240163878174414,0.001284385728510099,0.0017336025728113933,0.003,0.001,3.853157185530297e-06
-0.02063980576,0.02271579398,0.023819171902093636,0.0012800152522562521,0.0017131901662321395,0.003,0.001,3.840045756768756e-06
-0.02021687484,0.022518578049999998,0.023621955972093635,0.001275760982045232,0.0016926615517688045,0.003,0.001,3.827282946135696e-06
-0.01979394392,0.02232136212,0.023424740042093634,0.0012716229182060616,0.0016720167309336193,0.003,0.001,3.814868754618185e-06
-0.019371012990000002,0.022124146190000003,0.02322752410743401,0.0012676010606450891,0.001651255703234691,0.003,0.001,3.8028031819352673e-06
-0.01894808207,0.02192693027,0.02303030818210103,0.0012636954096434143,0.0016303784701484862,0.003,0.001,3.791086228930243e-06
-0.01852515115,0.02172971434,0.022833092262093634,0.0012599059651088494,0.0016093850312644032,0.003,0.001,3.7797178953265484e-06
-0.01810222023,0.02153249841,0.022635876332093637,0.0012562327267511856,0.0015882753849477118,0.003,0.001,3.768698180253557e-06
-0.0176792893,0.02133528248,0.02243866039743401,0.0012526756946827022,0.0015670495317562942,0.003,0.001,3.7580270840481067e-06
-0.017256358380000003,0.02113806655,0.022241444472093634,0.001249234869151407,0.0015457074731987798,0.003,0.001,3.747704607454221e-06
-0.016833427459999998,0.02094085063,0.022044228542101026,0.0012459102499094148,0.0015242492077673457,0.003,0.001,3.7377307497282445e-06
-0.01641049654,0.020743634700000003,0.021847012622093636,0.0012427018371987666,0.001502674737059347,0.003,0.001,3.7281055115963e-06
-0.01598756561,0.020546418769999998,0.02164979668743401,0.0012396096306227721,0.0014809840583754408,0.003,0.001,3.7188288918683165e-06
-0.01556463469,0.02034920284,0.021452580762093634,0.001236633630562001,0.0014591771743474023,0.003,0.001,3.7099008916860033e-06
-0.015141703769999999,0.020151986910000003,0.021255364832093636,0.001233773836801393,0.0014372540834336556,0.003,0.001,3.701321510404179e-06
-0.01471877285,0.019954770979999998,0.02105814890209364,0.0012310302494126346,0.0014152147861480598,0.003,0.001,3.6930907482379038e-06
-0.014295841920000002,0.01975755506,0.0208609329674414,0.0012284028683351178,0.0013930592819666032,0.003,0.001,3.6852086050053533e-06
-0.013872911,0.01956033913,0.020663717052093637,0.0012258916938750518,0.001370787573593568,0.003,0.001,3.6776750816251557e-06
-0.01344998008,0.019363123200000002,0.020466501122093635,0.0012234967255959502,0.0013483996571983146,0.003,0.001,3.6704901767878505e-06
-0.01302704916,0.01916590727,0.020269285192093638,0.0012212179636886984,0.0013258955344312116,0.003,0.001,3.663653891066095e-06
-0.01260411823,0.01896869134,0.020072069257434006,0.0012190554081035743,0.0013032752047564338,0.003,0.001,3.657166224310723e-06
-0.012181187310000001,0.018771475420000003,0.01987485333210103,0.0012170090589898185,0.0012805386697823098,0.003,0.001,3.6510271769694556e-06
-0.01175825639,0.018574259489999998,0.01967763741209364,0.0012150789162929645,0.0012576859290605172,0.003,0.001,3.645236748878894e-06
-0.011335325470000001,0.01837704356,0.019480421482093634,0.0012132649798672192,0.0012347169808119066,0.003,0.001,3.6397949396016575e-06
-0.010912394539999998,0.01817982763,0.019283205547434006,0.001211567249774584,0.0012116318256446407,0.003,0.001,3.634701749323752e-06
-0.01048946362,0.017982611699999998,0.019085989622093638,0.0012099857261312777,0.0011884304651991382,0.003,0.001,3.6299571783938333e-06
-0.0100665327,0.01778539578,0.018888773692101027,0.0012085204088211343,0.0011651128978358554,0.003,0.001,3.625561226463403e-06
-0.009643148120999999,0.017589160920000003,0.018691351342637122,0.0012071699466908448,0.0011416545358569354,0.003,0.001,3.6215098400725345e-06
-0.009216431645,0.017400294679999997,0.018493865861583265,0.0012059355583319256,0.0011180721667570766,0.003,0.001,3.6178066749957768e-06
-0.008786018386,0.01722001203,0.018304190621177028,0.0012048596909405634,0.0010953127404753145,0.003,0.001,3.61457907282169e-06
-0.008352080987,0.01704838527,0.01812375891993917,0.001203936014244858,0.001073562700887677,0.003,0.001,3.611808042734574e-06
-0.007914793503,0.01688548326,0.01795261840342665,0.0012031497857329311,0.0010528427778233123,0.003,0.001,3.6094493571987935e-06
-0.007474331334,0.01673137134,0.017790814970611673,0.0012024869298371212,0.0010331728146848365,0.003,0.001,3.6074607895113637e-06
-0.007030871153,0.01658611131,0.0176383925786864,0.0012019340545075443,0.0010145717273458126,0.003,0.001,3.605802163522633e-06
-0.0065845908340000005,0.01644976144,0.01749539312900503,0.001201478467856973,0.0009970574731729288,0.003,0.001,3.604435403570919e-06
-0.006135669384,0.016322376429999997,0.017361856371338812,0.0012011081943647992,0.000980647022790367,0.003,0.001,3.603324583094398e-06
-0.00568428687,0.01620400737,0.017237819773567795,0.00120081199039958,0.000965356328182238,0.003,0.001,3.6024359711987404e-06
-0.005230624344,0.01609470174,0.017123318420713903,0.001200579359195988,0.0009512002950277547,0.003,0.001,3.6017380775879642e-06
-0.004774863774,0.01599450338,0.017018384936810647,0.0012004005651250218,0.0009381927586128791,0.003,0.001,3.6012016953750656e-06
-0.004317187969,0.01590345249,0.016923049408344496,0.0012002666471158943,0.0009263464607877925,0.003,0.001,3.600799941347683e-06
-0.003857780506,0.01582158557,0.016837339297890018,0.0012001694311600036,0.0009156730266099969,0.003,0.001,3.600508293480011e-06
-0.003396825657,0.01574893548,0.01676127940658738,0.0012001015419041481,0.0009061829480358835,0.003,0.001,3.6003046257124447e-06
-0.0029345083149999998,0.01568553135,0.016694891803190746,0.0012000564131576766,0.0008978855644975435,0.003,0.001,3.60016923947303e-06
-0.0024710139189999996,0.01563139861,0.016638195771157306,0.0012000282973447507,0.0008907890468015116,0.003,0.001,3.600084892034252e-06
-0.00200652838,0.01558655898,0.01659120778517774,0.001200012273837692,0.0008849003858461546,0.003,0.001,3.600036821513076e-06
-0.0015412380059999999,0.01555103044,0.016553941458267288,0.001200004256101281,0.0008802253788286396,0.003,0.001,3.600012768303843e-06
-0.0010753294309999999,0.01552482725,0.016526407529517242,0.001200000997651235,0.0008767686217472615,0.003,0.001,3.600002992953705e-06
-0.0006089895319999999,0.01550795991,0.01650861381714571,0.0012000000967735726,0.0008745334987822642,0.003,0.001,3.600000290320718e-06
-0.000142405362,0.015500435180000001,0.016500565216002606,0.0012,0.0008735221785069228,0.003,0.001,3.6e-06
0.00032408319800000004,0.01550890756,0.016509072476098514,0.0012000007850181728,0.0008745904473215292,0.003,0.001,3.6000023550545184e-06
0.0007885324729999999,0.01555293094,0.016557413106565024,0.0012000350533070475,0.0008806308418143937,0.003,0.001,3.6001051599211426e-06
0.0012480514110000001,0.0156335134,0.01664877300227554,0.001200238255168003,0.0008919082630413141,0.003,0.001,3.600714765504009e-06
0.001699766847,0.01575015109,0.016782949563464315,0.0012008649311318785,0.0009081427110340223,0.003,0.001,3.6025947933956356e-06
0.002140879206,0.01590204957,0.016959678602067166,0.0012022863367631667,0.0009289297313767623,0.003,0.001,3.6068590102895e-06
0.0025766890550000003,0.0160688861,0.01713965722744542,0.001204430238090821,0.0009494026111407682,0.003,0.001,3.613290714272463e-06
0.003012769275,0.01623501465,0.017305121899124587,0.0012070212361832682,0.0009676045169273581,0.003,0.001,3.621063708549805e-06
0.003449118784,0.01640043459,0.017469881425500492,0.0012101913388014695,0.0009851387070160158,0.003,0.001,3.6305740164044085e-06
0.0038857364959999996,0.01656514532,0.017633935223007578,0.0012139329705721047,0.001002012683447051,0.003,0.001,3.641798911716314e-06
0.004322621323,0.01672914624,0.017797282682915215,0.0012182385795022714,0.0010182339217180197,0.003,0.001,3.654715738506814e-06
0.00475977217,0.016892436750000003,0.017959923198061237,0.0012231006374712684,0.0010338098736513749,0.003,0.001,3.6693019124138056e-06
0.005197187941,0.017055016250000003,0.018121856159521343,0.001228511640234318,0.0010487479669722094,0.003,0.001,3.6855349207029545e-06
0.005634867536,0.01721688418,0.018283081031036794,0.001234464110362956,0.0010630556117207277,0.003,0.001,3.703392331088868e-06
0.006072809851,0.01737803994,0.01844359717268032,0.0012409505911710036,0.0010767401841674754,0.003,0.001,3.722851773513011e-06
0.0065110137789999994,0.017538482980000002,0.018603404065535876,0.001247963655249439,0.0010898090465125607,0.003,0.001,3.743890965748317e-06
0.006949478209,0.01769821274,0.018762501133404066,0.0012554958979043003,0.001102269531042595,0.003,0.001,3.766487693712901e-06
0.007388202028,0.01785722865,0.018920887789731996,0.0012635399387165044,0.00111412894446825,0.003,0.001,3.7906198161495132e-06
0.007827184118,0.01801553019,0.019078563545400416,0.0012720884274816295,0.00112539457552941,0.003,0.001,3.816265282444888e-06
0.008266423358000001,0.0181731168,0.019235527800796494,0.0012811340336226786,0.0011360736794535013,0.003,0.001,3.843402100868036e-06
0.008705918624000001,0.018329987960000002,0.01939178005819183,0.0012906694577133457,0.0011461734931204344,0.003,0.001,3.872008373140037e-06
0.00914566879,0.018486143139999998,0.019547319770974063,0.001300687423324482,0.0011557012242700232,0.003,0.001,3.902062269973446e-06
0.009585672725000001,0.01864158183,0.019702146436276054,0.00131118068271349,0.001164664057452717,0.003,0.001,3.93354204814047e-06
0.01002592929,0.018796303519999998,0.01985625953669016,0.001322142013397088,0.001173069150132435,0.003,0.001,3.9664260401912645e-06
0.01046643736,0.0189503077,0.020009658549055905,0.0013335642186561452,0.001180923633286024,0.003,0.001,4.0006926559684354e-06
0.01090719579,0.01910359389,0.020162343011633457,0.0013454401328565815,0.0011882346145236254,0.003,0.001,4.036320398569744e-06
0.011348203440000001,0.0192561616,0.020314312416026187,0.0013577626136012427,0.0011950091723553892,0.003,0.001,4.073287840803728e-06
0.01178945915,0.01940801035,0.02046556628523878,0.0013705245477502006,0.0012012543599802439,0.003,0.001,4.111573643250601e-06
0.012230961779999999,0.01955913966,0.020616104124622725,0.0013837188476327617,0.0012069772029095179,0.003,0.001,4.151156542898285e-06
0.01267271019,0.019709549070000002,0.020765925479402265,0.001397338456157577,0.0012121847010857533,0.003,0.001,4.1920153684727305e-06
0.01311470321,0.01985923814,0.0209150299219592,0.001411376346316688,0.0012168838277808213,0.003,0.001,4.234129038950064e-06
0.01355693969,0.0200082064,0.021063416945894035,0.001425825511207052,0.001221081526261726,0.003,0.001,4.277476533621156e-06
0.01399941846,0.02015645341,0.02121108612828085,0.001440678979415675,0.0012247847147950242,0.003,0.001,4.322036938247025e-06
0.01444213837,0.02030397875,0.02135803704895676,0.0014559298079240394,0.0012280002836000078,0.003,0.001,4.367789423772118e-06
0.014885098250000001,0.02045078199,0.021504269265861374,0.001471571079540957,0.0012307350943169175,0.003,0.001,4.414713238622871e-06
0.01532829693,0.0205968627,0.02164978233938706,0.0014875959053424774,0.0012329959806269798,0.003,0.001,4.462787716027433e-06
0.01577173323,0.02074222049,0.021794575900423545,0.0015039974325939892,0.001234789748881041,0.003,0.001,4.511992297781968e-06
0.01621540599,0.020886854939999998,0.0219386494935044,0.0015207688274163022,0.001236123175722692,0.003,0.001,4.5623064822489065e-06
0.01665931403,0.021030765649999998,0.022082002727670226,0.0015379032917671853,0.0012370030100647567,0.003,0.001,4.6137098753015555e-06
0.01710345617,0.02117395225,0.022224635244001797,0.0015553940604789362,0.0012374359719718178,0.003,0.001,4.666182181436809e-06
0.01754783123,0.02131641436,0.022366546645733777,0.0015732343929193795,0.0012374287522170474,0.003,0.001,4.719703178758139e-06
0.01799243802,0.02145815159,0.02250773652852948,0.0015914175764137133,0.001236988012664801,0.003,0.001,4.77425272924114e-06
0.01843727536,0.02159916358,0.022648204541069566,0.0016099369342715843,0.0012361203858573416,0.003,0.001,4.829810802814753e-06
0.018882342049999997,0.02173944999,0.02278795035139946,0.001628785822063963,0.0012348324745090568,0.003,0.001,4.8863574661918885e-06
0.01932763692,0.02187901045,0.022926973553054432,0.0016479576148829412,0.0012331308524499902,0.003,0.001,4.943872844648824e-06
0.01977315876,0.02201784464,0.023065273858404168,0.0016674457338105488,0.0012310220624534205,0.003,0.001,5.002337201431646e-06
0.02021890638,0.022155952200000002,0.023202850866666107,0.0016872436140258228,0.0012285126189764894,0.003,0.001,5.061730842077468e-06
0.02066487858,0.022293332830000002,0.02333970431006973,0.0017073447396924566,0.0012256090042064675,0.003,0.001,5.12203421907737e-06
0.02111107416,0.02242998619,0.023475833812287593,0.0017277426094319277,0.001222317672231175,0.003,0.001,5.183227828295783e-06
0.02155749192,0.02256591199,0.023611239106422797,0.0017484307683969433,0.0012186450443586526,0.003,0.001,5.2452923051908305e-06
0.022004130660000003,0.02270110991,0.023745919843017188,0.0017694027797524165,0.001214597513509779,0.003,0.001,5.30820833925725e-06
0.02245098916,0.02283557967,0.023879875762186267,0.001790652251073725,0.0012101814394511285,0.003,0.001,5.371956753221175e-06
0.02289806623,0.02296932098,0.024013106551707394,0.0018121728125682294,0.0012054031527402862,0.003,0.001,5.4365184377046885e-06
0.02334536064,0.02310233355,0.024145611919516353,0.0018339581283873306,0.0012002689525239779,0.003,0.001,5.501874385161992e-06
0.0237928712,0.02323461712,0.024277391607305354,0.0018560018992578096,0.0011947851056155101,0.003,0.001,5.568005697773429e-06
0.02424059668,0.02336617142,0.024408445336380317,0.001878297853719475,0.0011889578484533432,0.003,0.001,5.6348935611584255e-06
0.024688535860000003,0.023496996200000002,0.02453877285757272,0.0019008397565811316,0.0011827933849172315,0.003,0.001,5.702519269743395e-06
0.02513668754,0.02362709122,0.024668373923568764,0.0019236214044765767,0.001176297887295009,0.003,0.001,5.77086421342973e-06
0.02558505049,0.02375645622,0.024797248257544455,0.0019466366202845972,0.001169477497921161,0.003,0.001,5.839909860853792e-06
0.02603362349,0.02388509099,0.024925395668777234,0.001969879273887441,0.0011623383229465351,0.003,0.001,5.909637821662323e-06
0.026482405320000003,0.02401299529,0.02505281588885224,0.001993343253016065,0.001154886440910169,0.003,0.001,5.980029759048195e-06
0.02693139475,0.02414016891,0.025179508718038937,0.0020170224897719047,0.0011471278946117462,0.003,0.001,6.051067469315715e-06
0.02738059056,0.02426661164,0.025305473934671113,0.002040910944298384,0.001139068696052447,0.003,0.001,6.1227328328951515e-06
0.02782999152,0.02439232328,0.025430711336609582,0.0020650026125468715,0.0011307148238793416,0.003,0.001,6.195007837640615e-06
0.0282795964,0.02451730364,0.025555220729918247,0.0020892915243510683,0.0011220722238880019,0.003,0.001,6.267874573053205e-06
0.02872940397,0.02464155254,0.02567900193060462,0.0021137717439156174,0.0011131468087526063,0.003,0.001,6.341315231746852e-06
0.029179413,0.024765069799999997,0.025802054748737976,0.002138437366774786,0.0011039444590714887,0.003,0.001,6.415312100324357e-06
0.02962962225,0.02488785524,0.025924378996074804,0.0021632825213016606,0.0010944710228161852,0.003,0.001,6.489847563904982e-06
0.0300800305,0.025009908719999998,0.026045974542890156,0.0021883013805286877,0.0010847323106525316,0.003,0.001,6.564904141586063e-06
0.0305306365,0.02513123007,0.026166841196495774,0.002213488137470393,0.001074734105352082,0.003,0.001,6.64046441241118e-06
0.03098143902,0.02525181915,0.026286978821229632,0.00223883702979742,0.0010644821521963994,0.003,0.001,6.716511089392261e-06
0.03143243682,0.02537167582,0.02640638726869032,0.002264342325613509,0.0010539821644330728,0.003,0.001,6.793026976840527e-06
0.03188362867,0.025490799970000002,0.026525066434475157,0.0022899983356516208,0.0010432398182095137,0.003,0.001,6.869995006954862e-06
0.03233501331,0.025609191450000002,0.026643016140458546,0.002315799387958548,0.0010322607630950061,0.003,0.001,6.947398163875644e-06
0.03278658951,0.025726850160000002,0.026760236300490077,0.002341739863853256,0.0010210506069446052,0.003,0.001,7.025219591559768e-06
0.03323835603,0.025843776,0.026876726806011796,0.0023678141733701713,0.0010096149260820897,0.003,0.001,7.103442520110514e-06
0.0336906964,0.02596006746,0.02699258595531394,0.0023940391582705435,0.0009979492312736688,0.003,0.001,7.182117474811631e-06
0.03414267335,0.02607548423,0.02710757369188605,0.002420354819547818,0.0009860833551351084,0.003,0.001,7.261064458643454e-06
0.03459488291,0.02619018006,0.02722184392476597,0.0024467904322886813,0.0009740073633598273,0.003,0.001,7.340371296866044e-06
0.035047325069999996,0.026304154960000003,0.02733539637973256,0.0024733405961249767,0.0009617266218563368,0.003,0.001,7.420021788374931e-06
0.035499999830000004,0.02641740892,0.027448231028854096,0.0025,0.0009492464381713373,0.003,0.001,7.5e-06
